event_id,user_id,username,platform,event_type,timestamp,source_ip,resource_accessed,previlage change
1,20204,joseph.coleman,OKTA,RESOURCE_ACCESS,2026-04-18T10:41:00,72.50.63.55,AD:GroupPolicy,
2,10023,ethanada,AWS,RESOURCE_ACCESS,2026-05-07T10:16:00,203.8.178.130,S3:customer-data,
3,113,Julia Torres,AD,RESOURCE_ACCESS,2026-05-10T13:49:00,90.249.14.56,S3:customer-data,
4,10205,erin.warner,AWS,TOKEN_USED,2026-05-06T10:43:00,55.240.76.133,VPN:Gateway,
5,20216,anthony.everett,OKTA,PASSWORD_RESET,2026-06-15T14:56:00,146.44.113.113,CRM:Records,
6,20075,silva.a,OKTA,PASSWORD_RESET,2026-05-13T20:10:00,153.131.159.172,AWS:IAM,
7,20054,mark.perez,OKTA,RESOURCE_ACCESS,2026-01-26T17:33:00,89.254.102.106,CRM:Records,
8,129,Cameron Fisher,AD,LOGIN,2026-05-24T12:01:00,157.22.205.140,CRM:Records,
9,126,Erin Edwards,AD,LOGIN,2026-06-15T05:04:00,157.234.211.236,AWS:IAM,
10,10064,wright.d,AWS,GROUP_ADDITION,2026-04-26T04:21:00,131.243.162.28,AD:GroupPolicy,
11,10159,melissa_gates30,AWS,LOGIN,2026-02-25T04:44:00,219.11.18.50,AD:GroupPolicy,
12,4,Daniel Wagner,AD,PASSWORD_RESET,2026-03-03T10:46:00,110.125.255.27,AWS:IAM,
13,20150,stephanie.manning,OKTA,GROUP_ADDITION,2026-02-09T22:33:00,131.11.192.163,AWS:IAM,
14,20158,jason_stein79,OKTA,TOKEN_USED,2026-02-11T20:34:00,155.110.69.60,VPN:Gateway,
15,20208,cathyrob,OKTA,RESOURCE_ACCESS,2026-02-05T10:38:00,100.99.111.200,AD:GroupPolicy,
16,35,Debra Davidson,AD,PRIVILEGE_CHANGE,2026-01-23T23:05:00,86.198.49.112,AWS:IAM,Backup Operator
17,20203,e.perkins.3,OKTA,PRIVILEGE_CHANGE,2026-04-03T20:43:00,24.49.102.146,VPN:Gateway,User
18,10234,l.roberts.7,AWS,RESOURCE_ACCESS,2026-01-19T22:32:00,182.175.96.206,S3:customer-data,
19,10028,ross.s,AWS,GROUP_ADDITION,2026-01-27T06:11:00,49.104.88.216,AD:GroupPolicy,
20,10238,davis.d,AWS,PASSWORD_RESET,2026-01-14T18:03:00,54.236.39.196,S3:customer-data,
21,10101,sandraagu,AWS,GROUP_ADDITION,2026-04-09T16:22:00,130.107.191.4,VPN:Gateway,
22,20011,m.herrera.3,OKTA,PRIVILEGE_CHANGE,2026-04-04T14:23:00,209.189.207.236,AD:GroupPolicy,User
23,20043,sdecker,OKTA,PRIVILEGE_CHANGE,2026-03-13T02:51:00,200.207.97.130,CRM:Records,GroupAdmin
24,10207,bryan_herrera81,AWS,RESOURCE_ACCESS,2026-03-02T03:47:00,210.81.207.35,Okta:AdminConsole,
25,20178,michaelwan,OKTA,RESOURCE_ACCESS,2026-04-10T05:25:00,72.94.36.205,Okta:AdminConsole,
26,10121,larry.dixon,AWS,GROUP_ADDITION,2026-06-02T19:03:00,79.139.153.87,AD:GroupPolicy,
27,20104,christine_wright66,OKTA,TOKEN_USED,2026-02-05T17:04:00,119.254.109.180,S3:customer-data,
28,10148,salazar.s,AWS,LOGIN,2026-01-19T19:06:00,209.121.131.114,AWS:IAM,
29,20013,lhensley,OKTA,PASSWORD_RESET,2026-03-27T00:06:00,86.128.141.232,Okta:AdminConsole,
30,20139,dalvarez,OKTA,TOKEN_USED,2026-05-15T01:40:00,160.23.197.239,AD:GroupPolicy,
31,10121,larry.dixon,AWS,GROUP_ADDITION,2026-05-08T19:38:00,34.219.253.108,Okta:AdminConsole,
32,20103,rvalencia,OKTA,TOKEN_USED,2026-03-10T11:33:00,93.247.138.144,Okta:AdminConsole,
33,20184,ashleybar,OKTA,PASSWORD_RESET,2026-03-06T00:00:00,217.125.21.163,AD:GroupPolicy,
34,10194,akeith,AWS,PASSWORD_RESET,2026-03-30T01:57:00,100.203.25.149,VPN:Gateway,
35,10019,lisa.jackson,AWS,PRIVILEGE_CHANGE,2026-04-09T23:30:00,84.124.23.134,S3:customer-data,ReadOnlyAccess
36,20233,c.parker.4,OKTA,GROUP_ADDITION,2026-01-26T07:38:00,200.58.25.160,AWS:IAM,
37,10031,rebecca.henderson,AWS,TOKEN_USED,2026-01-03T03:33:00,133.71.213.117,CRM:Records,
38,10164,jjohnson,AWS,TOKEN_USED,2026-06-13T13:23:00,219.70.148.188,AD:GroupPolicy,
39,124,Michelle Harmon,AD,LOGIN,2026-04-28T09:50:00,149.183.140.70,CRM:Records,
40,20186,dr..hannahpatterson,OKTA,TOKEN_USED,2026-06-17T18:12:00,182.142.122.49,AD:GroupPolicy,
41,20168,alyssa.day,OKTA,PRIVILEGE_CHANGE,2026-06-13T01:40:00,35.4.138.67,AWS:IAM,ApplicationAdmin
42,160,Jamie Smith,AD,LOGIN,2026-01-16T07:34:00,91.37.44.234,VPN:Gateway,
43,141,Cheyenne Horton,AD,PRIVILEGE_CHANGE,2026-05-31T11:30:00,142.181.107.87,Okta:AdminConsole,Server Operator
44,10191,debramor,AWS,PRIVILEGE_CHANGE,2026-01-09T03:28:00,179.109.227.109,VPN:Gateway,S3FullAccess
45,10100,mckee.s,AWS,RESOURCE_ACCESS,2026-01-29T20:53:00,172.166.148.141,VPN:Gateway,
46,110,Sharon Cochran,AD,PASSWORD_RESET,2026-03-25T18:06:00,138.165.40.140,S3:customer-data,
47,10145,amber.wright,AWS,TOKEN_USED,2026-04-24T21:29:00,96.4.38.80,AD:GroupPolicy,
48,20155,b.hall.7,OKTA,LOGIN,2026-06-16T09:31:00,205.167.144.226,AD:GroupPolicy,
49,92,Brian Rodriguez,AD,PASSWORD_RESET,2026-03-14T11:58:00,50.165.225.146,CRM:Records,
50,20234,laura.roberts,OKTA,RESOURCE_ACCESS,2026-04-12T16:51:00,98.234.162.57,AWS:IAM,
51,20230,lori_guerrero12,OKTA,TOKEN_USED,2026-02-22T02:23:00,113.12.186.174,AWS:IAM,
52,20100,stephenmck,OKTA,PASSWORD_RESET,2026-05-14T11:51:00,119.79.90.46,S3:customer-data,
53,10226,smith.b,AWS,RESOURCE_ACCESS,2025-12-26T07:33:00,34.81.151.248,S3:customer-data,
54,20216,anthony.everett,OKTA,GROUP_ADDITION,2026-01-06T18:34:00,98.43.171.21,Okta:AdminConsole,
55,20027,baker.j,OKTA,RESOURCE_ACCESS,2026-01-11T00:40:00,187.73.49.191,VPN:Gateway,
56,10063,connor_west33,AWS,PASSWORD_RESET,2026-02-15T15:48:00,153.173.235.101,Okta:AdminConsole,
57,10207,bryan_herrera81,AWS,RESOURCE_ACCESS,2026-06-11T04:31:00,144.37.23.106,VPN:Gateway,
58,10219,justin_torres16,AWS,TOKEN_USED,2026-03-27T01:56:00,154.185.5.206,S3:customer-data,
59,10237,andrew_reynolds41,AWS,GROUP_ADDITION,2026-01-27T07:47:00,61.192.85.83,AD:GroupPolicy,
60,10109,evelyn.galvan,AWS,TOKEN_USED,2026-03-05T08:56:00,35.241.157.188,S3:customer-data,
61,10166,anderson.j,AWS,PRIVILEGE_CHANGE,2026-02-04T01:48:00,137.8.246.233,S3:customer-data,EC2FullAccess
62,10028,ross.s,AWS,GROUP_ADDITION,2026-02-14T18:15:00,173.241.114.114,AD:GroupPolicy,
63,10104,cwright,AWS,PRIVILEGE_CHANGE,2026-03-10T20:35:00,160.245.133.125,AWS:IAM,S3ReadOnly
64,10170,dmurphy,AWS,TOKEN_USED,2026-01-13T15:55:00,76.204.25.56,AD:GroupPolicy,
65,10250,gutierrez.k,AWS,TOKEN_USED,2026-03-01T01:42:00,22.241.190.116,AD:GroupPolicy,
66,20108,sierra.johnson,OKTA,TOKEN_USED,2026-01-30T13:10:00,217.164.74.67,CRM:Records,
67,164,Jeffrey Johnson,AD,PASSWORD_RESET,2026-05-28T08:33:00,156.27.77.147,AD:GroupPolicy,
68,53,Crystal Robinson,AD,PRIVILEGE_CHANGE,2026-01-22T02:22:00,89.49.245.178,AWS:IAM,Backup Operator
69,245,Shannon Rivera,AD,PASSWORD_RESET,2026-05-20T17:54:00,149.155.9.203,AD:GroupPolicy,
70,10050,ecarney,AWS,PASSWORD_RESET,2026-01-13T14:13:00,29.211.253.41,Okta:AdminConsole,
71,10080,lbarnes,AWS,TOKEN_USED,2026-03-09T14:42:00,203.34.184.20,VPN:Gateway,
72,28,Stephanie Ross,AD,PASSWORD_RESET,2026-04-18T23:50:00,51.227.6.222,AWS:IAM,
73,20182,tina_sanders93,OKTA,GROUP_ADDITION,2026-02-19T09:36:00,49.234.5.220,VPN:Gateway,
74,231,Jessica Stephens,AD,TOKEN_USED,2026-01-28T09:40:00,116.152.172.194,AWS:IAM,
75,20171,walton.j,OKTA,LOGIN,2026-02-24T06:12:00,116.56.168.80,Okta:AdminConsole,
76,20121,ldixon,OKTA,RESOURCE_ACCESS,2026-04-14T12:05:00,46.72.48.34,VPN:Gateway,
77,20182,tina_sanders93,OKTA,PRIVILEGE_CHANGE,2026-02-05T06:25:00,29.237.46.26,AD:GroupPolicy,GroupAdmin
78,41,Paula Moreno,AD,LOGIN,2026-04-11T13:49:00,38.174.218.238,CRM:Records,
79,166,John Anderson,AD,PRIVILEGE_CHANGE,2026-01-27T22:24:00,143.169.211.160,S3:customer-data,Enterprise Admin
80,20103,rvalencia,OKTA,TOKEN_USED,2026-06-18T10:50:00,222.125.9.67,Okta:AdminConsole,
81,88,Christopher Bass,AD,RESOURCE_ACCESS,2026-06-05T14:06:00,162.193.104.131,Okta:AdminConsole,
82,10212,dmccann,AWS,TOKEN_USED,2026-01-30T08:49:00,96.119.180.157,CRM:Records,
83,20037,sbaker,OKTA,TOKEN_USED,2026-02-09T16:45:00,200.100.13.161,VPN:Gateway,
84,199,Adam Vaughan,AD,LOGIN,2026-01-24T07:30:00,167.213.170.85,S3:customer-data,
85,10069,james_brown2,AWS,GROUP_ADDITION,2026-01-21T14:46:00,54.122.32.144,Okta:AdminConsole,
86,233,Christopher Parker,AD,PASSWORD_RESET,2026-03-16T19:09:00,51.1.147.176,Okta:AdminConsole,
87,195,John Bishop,AD,TOKEN_USED,2026-03-23T05:11:00,172.39.232.9,AWS:IAM,
88,201,Melissa Brewer,AD,PASSWORD_RESET,2026-01-25T09:48:00,191.195.8.41,AD:GroupPolicy,
89,10120,j.chandler.2,AWS,LOGIN,2026-01-26T16:24:00,50.207.88.87,CRM:Records,
90,68,Carol Tucker,AD,PRIVILEGE_CHANGE,2026-05-15T10:03:00,184.19.74.104,AWS:IAM,User
91,20027,baker.j,OKTA,GROUP_ADDITION,2026-03-19T13:57:00,179.208.144.125,AWS:IAM,
92,20105,henson.r,OKTA,LOGIN,2026-05-14T03:57:00,154.169.221.108,S3:customer-data,
93,10233,christopherpar,AWS,LOGIN,2026-03-06T23:39:00,130.192.164.193,Okta:AdminConsole,
94,20225,moore.m,OKTA,LOGIN,2026-02-21T03:54:00,134.124.203.249,S3:customer-data,
95,10178,wang.m,AWS,LOGIN,2026-05-04T07:34:00,98.202.120.226,S3:customer-data,
96,20248,frank_cordova56,OKTA,PASSWORD_RESET,2026-03-25T17:26:00,164.84.113.167,VPN:Gateway,
97,10146,jsolis,AWS,LOGIN,2026-01-08T03:33:00,222.66.63.226,CRM:Records,
98,20244,brandonbai,OKTA,GROUP_ADDITION,2025-12-21T09:15:00,206.153.12.84,AD:GroupPolicy,
99,113,Julia Torres,AD,GROUP_ADDITION,2026-05-05T12:09:00,111.118.23.79,S3:customer-data,
100,10231,jessica_stephens51,AWS,RESOURCE_ACCESS,2026-03-09T10:31:00,56.241.105.52,Okta:AdminConsole,
101,20230,lori_guerrero12,OKTA,LOGIN,2026-02-09T10:53:00,110.241.8.45,VPN:Gateway,
102,20144,christopher.rubio,OKTA,PRIVILEGE_CHANGE,2026-05-06T20:15:00,69.25.54.79,VPN:Gateway,HelpDeskAdmin
103,10247,krista.gibson,AWS,RESOURCE_ACCESS,2026-04-07T22:56:00,54.171.227.107,S3:customer-data,
104,58,Richard Aguirre,AD,RESOURCE_ACCESS,2026-01-20T22:44:00,70.137.92.185,AD:GroupPolicy,
105,20171,walton.j,OKTA,RESOURCE_ACCESS,2026-02-28T11:51:00,189.59.117.251,Okta:AdminConsole,
106,171,Jamie Walton,AD,PRIVILEGE_CHANGE,2026-03-01T04:40:00,190.46.236.252,S3:customer-data,Domain Admin
107,10235,michael.lyons,AWS,TOKEN_USED,2026-01-01T00:38:00,170.145.128.109,CRM:Records,
108,43,Sherry Decker,AD,PRIVILEGE_CHANGE,2026-02-21T05:17:00,207.14.95.203,AD:GroupPolicy,User
109,160,Jamie Smith,AD,GROUP_ADDITION,2026-05-19T12:00:00,147.30.92.17,CRM:Records,
110,20233,c.parker.4,OKTA,RESOURCE_ACCESS,2026-03-13T21:30:00,220.16.149.130,VPN:Gateway,
111,20134,daniel_kennedy5,OKTA,TOKEN_USED,2026-02-03T19:49:00,217.84.57.156,AWS:IAM,
112,172,Darlene Miller,AD,GROUP_ADDITION,2026-05-10T08:50:00,203.120.132.126,CRM:Records,
113,219,Justin Torres,AD,TOKEN_USED,2026-05-24T15:16:00,29.103.26.147,AWS:IAM,
114,84,Paul Jones,AD,PRIVILEGE_CHANGE,2026-05-25T00:38:00,147.222.226.186,Okta:AdminConsole,User
115,19,Lisa Jackson,AD,LOGIN,2026-02-04T18:40:00,159.121.74.14,Okta:AdminConsole,
116,10011,monicaher,AWS,TOKEN_USED,2026-05-04T08:48:00,170.255.45.167,CRM:Records,
117,97,Aaron Wise,AD,RESOURCE_ACCESS,2026-02-22T05:31:00,196.232.31.81,AWS:IAM,
118,10094,walters.c,AWS,PASSWORD_RESET,2026-02-14T22:02:00,52.250.68.38,VPN:Gateway,
119,10134,dkennedy,AWS,LOGIN,2025-12-21T07:26:00,154.72.46.101,CRM:Records,
120,10121,larry.dixon,AWS,LOGIN,2025-12-29T21:45:00,215.117.151.65,S3:customer-data,
121,20219,torres.j,OKTA,TOKEN_USED,2026-04-18T03:59:00,106.111.20.42,AWS:IAM,
122,20167,a.long.4,OKTA,LOGIN,2026-03-18T18:44:00,171.90.236.221,AWS:IAM,
123,98,Deborah Figueroa,AD,GROUP_ADDITION,2026-01-02T06:26:00,108.126.94.204,CRM:Records,
124,123,April Frost,AD,PRIVILEGE_CHANGE,2026-04-02T06:38:00,139.157.241.115,AWS:IAM,User
125,20174,matthew.harrington,OKTA,PRIVILEGE_CHANGE,2026-04-24T06:34:00,118.214.37.13,VPN:Gateway,ApplicationAdmin
126,10093,denise_jacobs20,AWS,RESOURCE_ACCESS,2026-05-28T00:33:00,66.134.201.146,VPN:Gateway,
127,20056,michael_lewis69,OKTA,RESOURCE_ACCESS,2026-01-16T11:03:00,59.184.70.197,AD:GroupPolicy,
128,20215,j.alexander.6,OKTA,LOGIN,2025-12-26T10:53:00,118.230.42.219,AWS:IAM,
129,10066,a.kidd.5,AWS,TOKEN_USED,2026-06-10T01:19:00,120.122.250.11,AD:GroupPolicy,
130,132,Dustin Jordan,AD,TOKEN_USED,2026-01-22T01:13:00,99.210.217.123,CRM:Records,
131,20035,d.davidson.5,OKTA,TOKEN_USED,2026-06-19T17:16:00,100.231.193.38,AD:GroupPolicy,
132,10137,robertpot,AWS,PASSWORD_RESET,2026-04-15T12:08:00,118.182.115.27,Okta:AdminConsole,
133,10089,lisaarc,AWS,TOKEN_USED,2026-02-14T04:02:00,26.247.5.208,VPN:Gateway,
134,10170,dmurphy,AWS,PASSWORD_RESET,2026-01-07T06:35:00,196.180.62.245,Okta:AdminConsole,
135,201,Melissa Brewer,AD,PASSWORD_RESET,2026-02-25T02:51:00,129.61.200.127,S3:customer-data,
136,10099,jessica_smith12,AWS,RESOURCE_ACCESS,2026-03-03T15:45:00,91.113.81.237,AWS:IAM,
137,122,Kenneth Scott,AD,PRIVILEGE_CHANGE,2026-03-20T21:45:00,81.47.175.233,AWS:IAM,Server Operator
138,123,April Frost,AD,TOKEN_USED,2026-02-24T22:54:00,161.157.11.232,AWS:IAM,
139,94,Christina Walters,AD,LOGIN,2026-04-03T08:03:00,116.253.153.121,VPN:Gateway,
140,10227,kirkcar,AWS,RESOURCE_ACCESS,2026-01-08T00:02:00,108.165.191.145,Okta:AdminConsole,
141,10209,dr.wil,AWS,PASSWORD_RESET,2026-02-06T20:30:00,118.174.185.8,CRM:Records,
142,20242,matthew_moon39,OKTA,TOKEN_USED,2026-01-09T20:03:00,125.212.32.71,S3:customer-data,
143,10226,smith.b,AWS,GROUP_ADDITION,2026-03-28T12:02:00,54.139.158.127,Okta:AdminConsole,
144,10006,c.lawrence.1,AWS,TOKEN_USED,2026-02-08T02:14:00,80.0.201.1,AD:GroupPolicy,
145,20127,mevans,OKTA,PASSWORD_RESET,2026-05-10T02:39:00,163.170.135.89,S3:customer-data,
146,81,Kelly Donovan,AD,PASSWORD_RESET,2026-02-12T22:25:00,195.80.98.212,AD:GroupPolicy,
147,86,Daniel Baker,AD,TOKEN_USED,2026-06-15T15:51:00,164.150.189.107,Okta:AdminConsole,
148,10192,k.graham.4,AWS,PASSWORD_RESET,2026-05-06T15:15:00,185.127.185.84,VPN:Gateway,
149,235,Michael Lyons,AD,PRIVILEGE_CHANGE,2026-01-06T02:52:00,46.158.57.218,AWS:IAM,Enterprise Admin
150,20198,spencer.haynes,OKTA,PASSWORD_RESET,2026-04-23T01:10:00,179.211.246.14,Okta:AdminConsole,
151,10102,c.parker.4,AWS,TOKEN_USED,2026-06-16T12:16:00,203.128.188.184,VPN:Gateway,
152,10047,johnpie,AWS,TOKEN_USED,2026-02-11T04:53:00,184.64.137.206,AD:GroupPolicy,
153,52,Danny Morgan,AD,GROUP_ADDITION,2026-05-29T21:18:00,79.94.7.121,CRM:Records,
154,20241,aavila,OKTA,PRIVILEGE_CHANGE,2026-02-27T22:17:00,127.129.203.99,VPN:Gateway,HelpDeskAdmin
155,13,Lisa Hensley,AD,PRIVILEGE_CHANGE,2025-12-31T06:18:00,111.61.207.85,S3:customer-data,User
156,20220,baileydur,OKTA,GROUP_ADDITION,2026-02-02T11:04:00,99.224.145.58,AWS:IAM,
157,20159,gates.m,OKTA,GROUP_ADDITION,2026-01-26T18:24:00,192.110.144.205,AD:GroupPolicy,
158,10045,angelica_tucker21,AWS,LOGIN,2026-05-12T08:56:00,144.221.61.39,Okta:AdminConsole,
159,70,William Baker,AD,TOKEN_USED,2026-05-15T04:17:00,180.204.140.83,AD:GroupPolicy,
160,124,Michelle Harmon,AD,PRIVILEGE_CHANGE,2026-03-24T17:16:00,163.26.77.17,S3:customer-data,Enterprise Admin
161,10172,miller.d,AWS,TOKEN_USED,2026-02-05T02:30:00,124.247.16.107,Okta:AdminConsole,
162,20102,cameron.parker,OKTA,TOKEN_USED,2026-01-04T06:35:00,177.129.141.49,Okta:AdminConsole,
163,207,Bryan Herrera,AD,GROUP_ADDITION,2026-05-16T23:03:00,65.13.86.138,S3:customer-data,
164,20020,carla_gray87,OKTA,RESOURCE_ACCESS,2026-03-22T00:48:00,162.158.32.132,AWS:IAM,
165,227,Kirk Carter,AD,PRIVILEGE_CHANGE,2026-01-06T11:00:00,216.135.125.203,VPN:Gateway,Server Operator
166,10103,rebecca.valencia,AWS,RESOURCE_ACCESS,2026-05-06T21:49:00,216.51.246.103,VPN:Gateway,
167,10065,jessicacal,AWS,TOKEN_USED,2025-12-27T03:36:00,119.189.141.208,Okta:AdminConsole,
168,20164,jeffrey_johnson39,OKTA,GROUP_ADDITION,2026-03-21T09:17:00,37.164.48.68,Okta:AdminConsole,
169,190,Jessica Gross,AD,PRIVILEGE_CHANGE,2026-02-13T01:47:00,53.155.105.46,Okta:AdminConsole,Backup Operator
170,40,Brittany Farmer,AD,PRIVILEGE_CHANGE,2026-03-26T11:11:00,130.11.4.103,CRM:Records,Backup Operator
171,104,Christine Wright,AD,LOGIN,2026-03-13T17:53:00,214.104.10.226,AD:GroupPolicy,
172,10018,d.zuniga.6,AWS,TOKEN_USED,2026-01-17T18:20:00,130.242.112.128,AWS:IAM,
173,20228,michael.warner,OKTA,PRIVILEGE_CHANGE,2026-02-28T02:43:00,119.164.93.200,Okta:AdminConsole,GroupAdmin
174,20003,henderson.a,OKTA,TOKEN_USED,2026-06-01T21:24:00,34.108.176.228,AWS:IAM,
175,20161,p.castaneda.7,OKTA,GROUP_ADDITION,2026-04-29T18:59:00,49.62.232.112,VPN:Gateway,
176,10108,s.johnson.1,AWS,GROUP_ADDITION,2026-04-28T07:24:00,173.21.16.136,VPN:Gateway,
177,10115,garrett.lin,AWS,RESOURCE_ACCESS,2026-05-21T01:38:00,33.166.77.138,AWS:IAM,
178,10066,a.kidd.5,AWS,PASSWORD_RESET,2026-05-29T10:12:00,208.240.205.14,AD:GroupPolicy,
179,10029,zacharyhic,AWS,PRIVILEGE_CHANGE,2026-02-06T20:50:00,56.58.53.131,Okta:AdminConsole,PowerUserAccess
180,10017,hollywoo,AWS,PRIVILEGE_CHANGE,2025-12-30T22:21:00,84.178.232.54,CRM:Records,IAMFullAccess
181,222,Jeremy Dalton,AD,GROUP_ADDITION,2026-02-09T15:17:00,184.122.37.28,CRM:Records,
182,10202,davisii.r,AWS,PRIVILEGE_CHANGE,2026-01-08T15:54:00,34.33.77.208,Okta:AdminConsole,S3FullAccess
183,26,Judy Baker,AD,RESOURCE_ACCESS,2025-12-30T11:55:00,76.147.60.107,AD:GroupPolicy,
184,20100,stephenmck,OKTA,GROUP_ADDITION,2026-04-25T02:05:00,186.105.161.225,VPN:Gateway,
185,144,Christopher Rubio,AD,PASSWORD_RESET,2026-04-10T12:00:00,106.161.142.169,CRM:Records,
186,178,Michael Wang,AD,PRIVILEGE_CHANGE,2026-02-05T04:10:00,197.238.21.34,Okta:AdminConsole,Domain Admin
187,67,Tracy House,AD,TOKEN_USED,2026-05-29T11:19:00,70.4.35.178,AD:GroupPolicy,
188,20184,ashleybar,OKTA,RESOURCE_ACCESS,2026-03-10T13:12:00,57.36.136.109,Okta:AdminConsole,
189,20105,henson.r,OKTA,PRIVILEGE_CHANGE,2026-04-29T03:06:00,108.213.120.127,CRM:Records,HelpDeskAdmin
190,73,Brittney Phillips,AD,LOGIN,2026-03-04T02:43:00,185.232.115.240,AWS:IAM,
191,10051,jessica_holmes41,AWS,PASSWORD_RESET,2026-04-05T19:14:00,134.32.187.108,Okta:AdminConsole,
192,10150,s.manning.5,AWS,RESOURCE_ACCESS,2026-03-05T21:44:00,23.125.7.106,Okta:AdminConsole,
193,152,Pamela Boyd,AD,RESOURCE_ACCESS,2026-03-30T13:17:00,107.52.53.140,VPN:Gateway,
194,117,William Herrera,AD,PRIVILEGE_CHANGE,2026-01-12T11:01:00,115.15.176.254,S3:customer-data,Account Operator
195,20163,lwalker,OKTA,PRIVILEGE_CHANGE,2026-04-20T02:23:00,63.237.161.123,VPN:Gateway,SuperAdmin
196,20156,michelle.brown,OKTA,LOGIN,2026-02-15T00:50:00,121.221.117.167,CRM:Records,
197,20029,z.hicks.8,OKTA,LOGIN,2026-01-07T14:41:00,122.111.107.128,Okta:AdminConsole,
198,132,Dustin Jordan,AD,GROUP_ADDITION,2026-01-14T23:50:00,41.1.85.246,VPN:Gateway,
199,20160,jamiesmi,OKTA,RESOURCE_ACCESS,2026-06-08T23:30:00,218.61.221.120,AD:GroupPolicy,
200,95,John Whitehead,AD,RESOURCE_ACCESS,2025-12-27T03:22:00,125.56.48.78,CRM:Records,
201,20032,james_ferrell21,OKTA,LOGIN,2026-05-15T07:08:00,189.45.157.76,Okta:AdminConsole,
202,64,Donald Wright,AD,TOKEN_USED,2026-04-05T14:03:00,75.231.87.143,S3:customer-data,
203,10036,j.chavez.4,AWS,LOGIN,2026-04-28T04:09:00,164.88.208.159,CRM:Records,
204,20247,kgibson,OKTA,LOGIN,2026-04-05T00:14:00,59.56.192.41,Okta:AdminConsole,
205,20159,gates.m,OKTA,LOGIN,2026-04-03T03:31:00,96.23.199.107,Okta:AdminConsole,
206,55,Shannon Jones,AD,RESOURCE_ACCESS,2026-05-07T03:42:00,127.168.250.53,VPN:Gateway,
207,20243,walters.k,OKTA,PRIVILEGE_CHANGE,2026-05-15T16:59:00,44.201.153.69,VPN:Gateway,SuperAdmin
208,20067,thouse,OKTA,PRIVILEGE_CHANGE,2026-04-09T15:24:00,111.220.170.116,S3:customer-data,User
209,80,Lisa Barnes,AD,LOGIN,2026-01-31T16:24:00,160.165.204.210,AD:GroupPolicy,
210,20026,judy_baker53,OKTA,PASSWORD_RESET,2026-03-26T01:20:00,112.247.117.134,VPN:Gateway,
211,20125,h.jones.9,OKTA,RESOURCE_ACCESS,2026-04-04T18:06:00,21.182.126.94,CRM:Records,
212,20095,j.whitehead.3,OKTA,RESOURCE_ACCESS,2026-02-12T19:48:00,170.28.161.48,AWS:IAM,
213,133,Mary Marshall,AD,RESOURCE_ACCESS,2026-01-03T02:13:00,84.138.217.166,Okta:AdminConsole,
214,10023,ethanada,AWS,RESOURCE_ACCESS,2026-05-16T21:06:00,41.203.115.213,Okta:AdminConsole,
215,10009,gabrielle_davis71,AWS,RESOURCE_ACCESS,2026-01-28T04:50:00,93.144.29.196,AWS:IAM,
216,102,Cameron Parker,AD,TOKEN_USED,2026-01-11T17:08:00,107.11.108.149,CRM:Records,
217,211,Christopher Smith,AD,PASSWORD_RESET,2026-04-22T13:21:00,193.38.88.201,S3:customer-data,
218,10176,ahernandez,AWS,PRIVILEGE_CHANGE,2026-03-27T14:43:00,131.60.227.82,VPN:Gateway,AdministratorAccess
219,20019,ljackson,OKTA,LOGIN,2026-03-22T21:53:00,160.57.60.102,Okta:AdminConsole,
220,20245,s.rivera.1,OKTA,PASSWORD_RESET,2026-05-13T03:59:00,74.49.212.83,CRM:Records,
221,215,Julie Alexander,AD,LOGIN,2026-01-29T08:30:00,124.16.221.239,AWS:IAM,
222,173,Joshua Cooke,AD,PASSWORD_RESET,2026-04-26T15:27:00,196.198.246.27,CRM:Records,
223,20219,torres.j,OKTA,TOKEN_USED,2026-05-19T02:12:00,186.179.193.152,CRM:Records,
224,20100,stephenmck,OKTA,TOKEN_USED,2026-04-18T11:49:00,169.75.246.181,AWS:IAM,
225,10024,t.walter.8,AWS,PASSWORD_RESET,2026-04-25T07:40:00,86.179.210.148,S3:customer-data,
226,10236,ksnyder,AWS,TOKEN_USED,2026-02-24T12:15:00,130.33.92.250,AWS:IAM,
227,20117,herrera.w,OKTA,GROUP_ADDITION,2026-04-24T03:14:00,67.52.156.129,AD:GroupPolicy,
228,179,Lawrence Adkins,AD,RESOURCE_ACCESS,2026-05-15T05:35:00,145.170.250.39,AWS:IAM,
229,10207,bryan_herrera81,AWS,RESOURCE_ACCESS,2026-01-15T07:50:00,59.111.102.221,CRM:Records,
230,20157,jperry,OKTA,TOKEN_USED,2026-01-31T03:37:00,196.166.186.28,VPN:Gateway,
231,10156,m.brown.2,AWS,PASSWORD_RESET,2026-02-26T03:15:00,111.10.88.138,Okta:AdminConsole,
232,20076,sarahmoo,OKTA,RESOURCE_ACCESS,2026-02-23T17:08:00,87.248.38.70,S3:customer-data,
233,10204,j.coleman.7,AWS,TOKEN_USED,2026-04-30T02:55:00,176.45.83.137,VPN:Gateway,
234,20236,kathryn_snyder3,OKTA,PASSWORD_RESET,2026-02-25T09:03:00,129.185.119.124,AWS:IAM,
235,20095,j.whitehead.3,OKTA,RESOURCE_ACCESS,2026-02-14T20:32:00,89.178.118.20,CRM:Records,
236,148,Stephanie Salazar,AD,PASSWORD_RESET,2026-01-08T09:57:00,20.52.61.50,Okta:AdminConsole,
237,10091,matthew.mcmillan,AWS,PRIVILEGE_CHANGE,2026-01-05T21:42:00,37.72.15.106,CRM:Records,AdministratorAccess
238,231,Jessica Stephens,AD,PASSWORD_RESET,2026-05-03T17:04:00,131.94.44.135,VPN:Gateway,
239,10157,joshua.perry,AWS,PRIVILEGE_CHANGE,2026-06-19T03:26:00,55.248.98.21,VPN:Gateway,S3FullAccess
240,10008,gmoore,AWS,TOKEN_USED,2026-05-13T02:08:00,96.131.171.57,VPN:Gateway,
241,10241,andrew.avila,AWS,PRIVILEGE_CHANGE,2026-05-08T04:54:00,129.10.250.204,CRM:Records,EC2FullAccess
242,20147,larson.v,OKTA,TOKEN_USED,2026-05-26T10:59:00,63.44.80.246,S3:customer-data,
243,29,Zachary Hicks,AD,RESOURCE_ACCESS,2026-03-08T00:26:00,28.76.95.177,CRM:Records,
244,20217,rmorales,OKTA,TOKEN_USED,2026-06-10T02:00:00,115.34.110.250,AWS:IAM,
245,105,Richard Henson,AD,PRIVILEGE_CHANGE,2026-03-19T12:00:00,217.123.134.13,CRM:Records,Domain Admin
246,10135,rebecca_jackson79,AWS,PASSWORD_RESET,2026-03-16T16:43:00,110.232.120.239,AWS:IAM,
247,52,Danny Morgan,AD,PRIVILEGE_CHANGE,2026-02-13T08:28:00,142.113.170.48,AD:GroupPolicy,Account Operator
248,20168,alyssa.day,OKTA,TOKEN_USED,2026-02-25T19:33:00,167.130.11.48,Okta:AdminConsole,
249,17,Holly Wood,AD,RESOURCE_ACCESS,2026-04-30T10:47:00,205.104.17.203,AD:GroupPolicy,
250,20024,tommy.walter,OKTA,LOGIN,2026-06-14T16:15:00,133.111.22.107,CRM:Records,
251,95,John Whitehead,AD,PASSWORD_RESET,2026-03-22T02:58:00,38.198.69.108,VPN:Gateway,
252,87,Shirley Suarez,AD,PRIVILEGE_CHANGE,2026-03-28T09:35:00,171.34.243.250,S3:customer-data,Account Operator
253,128,Jason Powell,AD,LOGIN,2026-03-28T02:27:00,60.73.34.53,AD:GroupPolicy,
254,10246,d.landry.8,AWS,PRIVILEGE_CHANGE,2026-03-12T10:08:00,54.72.163.243,S3:customer-data,S3FullAccess
255,61,Victoria Garcia,AD,PRIVILEGE_CHANGE,2026-06-18T21:15:00,205.232.188.96,VPN:Gateway,Server Operator
256,237,Andrew Reynolds,AD,RESOURCE_ACCESS,2026-01-27T02:11:00,205.177.25.32,Okta:AdminConsole,
257,10047,johnpie,AWS,RESOURCE_ACCESS,2026-05-04T16:34:00,165.226.134.243,S3:customer-data,
258,168,Alyssa Day,AD,PRIVILEGE_CHANGE,2025-12-25T02:58:00,99.95.82.248,Okta:AdminConsole,Account Operator
259,20146,joyce_solis43,OKTA,LOGIN,2026-03-06T15:50:00,173.235.179.155,AWS:IAM,
260,10010,munoz.r,AWS,PRIVILEGE_CHANGE,2026-01-27T15:43:00,26.224.205.140,S3:customer-data,S3ReadOnly
261,10042,f.smith.2,AWS,LOGIN,2026-02-03T12:47:00,74.10.12.57,AWS:IAM,
262,10157,joshua.perry,AWS,GROUP_ADDITION,2025-12-27T05:21:00,23.85.155.249,S3:customer-data,
263,10067,tracy.house,AWS,TOKEN_USED,2026-03-25T22:30:00,84.162.85.92,AD:GroupPolicy,
264,20149,k.rivas.6,OKTA,TOKEN_USED,2026-04-06T13:34:00,170.235.131.86,AWS:IAM,
265,174,Matthew Harrington,AD,TOKEN_USED,2026-06-07T05:29:00,150.147.87.240,VPN:Gateway,
266,10061,victoria.garcia,AWS,GROUP_ADDITION,2026-01-30T22:21:00,92.49.1.89,AWS:IAM,
267,20029,z.hicks.8,OKTA,GROUP_ADDITION,2026-05-01T20:24:00,195.0.254.103,Okta:AdminConsole,
268,10147,victoria_larson21,AWS,PASSWORD_RESET,2026-05-15T14:03:00,43.163.254.164,AWS:IAM,
269,165,Michael Powell,AD,PRIVILEGE_CHANGE,2026-03-02T17:28:00,32.43.143.205,S3:customer-data,User
270,150,Stephanie Manning,AD,LOGIN,2026-02-24T06:57:00,182.52.218.91,CRM:Records,
271,243,Kevin Walters,AD,LOGIN,2026-04-25T15:09:00,94.161.175.238,AD:GroupPolicy,
272,20056,michael_lewis69,OKTA,PASSWORD_RESET,2026-04-14T09:42:00,52.126.140.208,Okta:AdminConsole,
273,31,Rebecca Henderson,AD,GROUP_ADDITION,2026-03-08T22:15:00,31.11.175.121,VPN:Gateway,
274,20173,j.cooke.1,OKTA,GROUP_ADDITION,2026-06-03T02:42:00,60.56.132.252,Okta:AdminConsole,
275,10080,lbarnes,AWS,GROUP_ADDITION,2026-05-29T20:08:00,211.29.223.223,AWS:IAM,
276,10202,davisii.r,AWS,LOGIN,2026-05-15T08:31:00,183.251.115.99,VPN:Gateway,
277,10011,monicaher,AWS,PRIVILEGE_CHANGE,2026-04-27T07:14:00,187.60.78.133,AWS:IAM,IAMFullAccess
278,10120,j.chandler.2,AWS,RESOURCE_ACCESS,2026-06-15T05:01:00,185.136.52.85,Okta:AdminConsole,
279,234,Laura Roberts,AD,LOGIN,2026-03-05T17:37:00,178.155.237.199,S3:customer-data,
280,10028,ross.s,AWS,GROUP_ADDITION,2026-01-06T01:06:00,200.25.242.194,VPN:Gateway,
281,20064,donaldwri,OKTA,RESOURCE_ACCESS,2026-02-10T18:23:00,81.222.167.102,S3:customer-data,
282,10014,mwilliams,AWS,RESOURCE_ACCESS,2026-05-04T20:34:00,126.110.208.236,AD:GroupPolicy,
283,10235,michael.lyons,AWS,LOGIN,2026-04-09T13:30:00,195.212.128.151,CRM:Records,
284,10004,wagner.d,AWS,TOKEN_USED,2026-01-12T06:11:00,216.29.76.48,CRM:Records,
285,10202,davisii.r,AWS,PASSWORD_RESET,2026-03-12T08:49:00,185.21.29.117,S3:customer-data,
286,10250,gutierrez.k,AWS,TOKEN_USED,2026-04-21T06:16:00,34.36.1.69,AWS:IAM,
287,20158,jason_stein79,OKTA,PRIVILEGE_CHANGE,2026-04-08T15:36:00,220.125.206.209,VPN:Gateway,User
288,175,Nicole Herring,AD,TOKEN_USED,2026-04-04T01:05:00,201.65.125.15,CRM:Records,
289,10104,cwright,AWS,LOGIN,2026-03-29T02:47:00,120.239.54.54,AD:GroupPolicy,
290,20125,h.jones.9,OKTA,RESOURCE_ACCESS,2026-06-02T03:21:00,97.11.113.214,VPN:Gateway,
291,20148,stephaniesal,OKTA,GROUP_ADDITION,2026-04-02T06:16:00,28.47.137.115,AD:GroupPolicy,
292,10170,dmurphy,AWS,GROUP_ADDITION,2026-02-11T14:27:00,100.108.11.106,Okta:AdminConsole,
293,20198,spencer.haynes,OKTA,LOGIN,2026-04-16T23:30:00,180.232.192.174,CRM:Records,
294,10227,kirkcar,AWS,PASSWORD_RESET,2026-01-09T23:14:00,95.117.232.112,AD:GroupPolicy,
295,20077,a.lopez.9,OKTA,PRIVILEGE_CHANGE,2026-05-23T02:34:00,170.174.200.5,AWS:IAM,Admin
296,10197,danielsal,AWS,LOGIN,2026-05-27T12:14:00,121.153.100.192,AWS:IAM,
297,128,Jason Powell,AD,TOKEN_USED,2026-01-03T06:53:00,186.200.34.152,VPN:Gateway,
298,20195,bishop.j,OKTA,RESOURCE_ACCESS,2026-03-24T18:30:00,84.131.208.140,AD:GroupPolicy,
299,35,Debra Davidson,AD,TOKEN_USED,2026-03-14T23:32:00,25.140.175.136,AWS:IAM,
300,10043,sherry.decker,AWS,GROUP_ADDITION,2026-06-08T15:18:00,127.74.50.156,S3:customer-data,
301,10119,victorbak,AWS,TOKEN_USED,2026-05-12T14:36:00,25.148.180.111,S3:customer-data,
302,3,Angie Henderson,AD,RESOURCE_ACCESS,2026-05-09T22:10:00,196.186.110.98,VPN:Gateway,
303,10038,cgaines,AWS,RESOURCE_ACCESS,2026-05-18T17:32:00,26.191.203.169,AWS:IAM,
304,202,Ricky Davis II,AD,RESOURCE_ACCESS,2026-05-30T19:15:00,72.91.13.31,S3:customer-data,
305,20204,joseph.coleman,OKTA,TOKEN_USED,2026-02-07T01:01:00,190.149.169.55,CRM:Records,
306,20093,jacobs.d,OKTA,PASSWORD_RESET,2026-03-13T10:51:00,75.242.160.8,AWS:IAM,
307,20073,bphillips,OKTA,TOKEN_USED,2026-04-29T11:14:00,160.114.163.39,VPN:Gateway,
308,10202,davisii.r,AWS,GROUP_ADDITION,2026-02-03T05:58:00,171.87.242.91,CRM:Records,
309,20090,aimee.montoya,OKTA,PRIVILEGE_CHANGE,2026-03-12T07:30:00,113.30.117.127,VPN:Gateway,SuperAdmin
310,20013,lhensley,OKTA,PASSWORD_RESET,2026-01-06T21:34:00,169.12.48.83,S3:customer-data,
311,20091,mmcmillan,OKTA,GROUP_ADDITION,2026-05-23T17:55:00,118.32.52.107,S3:customer-data,
312,20158,jason_stein79,OKTA,TOKEN_USED,2026-02-28T03:42:00,33.239.147.57,CRM:Records,
313,92,Brian Rodriguez,AD,PRIVILEGE_CHANGE,2026-03-23T00:15:00,94.153.133.4,S3:customer-data,Account Operator
314,10080,lbarnes,AWS,PRIVILEGE_CHANGE,2026-02-27T05:07:00,61.49.240.174,CRM:Records,PowerUserAccess
315,80,Lisa Barnes,AD,TOKEN_USED,2026-06-07T14:44:00,203.125.211.210,AWS:IAM,
316,10130,orr.m,AWS,RESOURCE_ACCESS,2026-04-19T14:33:00,167.114.145.6,Okta:AdminConsole,
317,10101,sandraagu,AWS,LOGIN,2026-06-04T01:39:00,136.146.97.95,CRM:Records,
318,20119,v.baker.8,OKTA,PASSWORD_RESET,2026-03-26T23:29:00,43.203.116.226,CRM:Records,
319,20235,mlyons,OKTA,PRIVILEGE_CHANGE,2026-01-09T03:15:00,156.171.218.132,CRM:Records,Admin
320,10010,munoz.r,AWS,RESOURCE_ACCESS,2026-05-02T11:04:00,156.57.6.222,AD:GroupPolicy,
321,10184,barton.a,AWS,PASSWORD_RESET,2026-01-18T14:35:00,131.28.88.18,AWS:IAM,
322,20231,stephens.j,OKTA,PRIVILEGE_CHANGE,2026-06-11T15:13:00,134.172.9.4,AD:GroupPolicy,SuperAdmin
323,20169,jwilliams,OKTA,TOKEN_USED,2026-01-08T02:48:00,163.51.94.68,AD:GroupPolicy,
324,20058,richardagu,OKTA,PRIVILEGE_CHANGE,2026-01-04T11:02:00,205.71.103.163,S3:customer-data,User
325,20042,fred.smith,OKTA,GROUP_ADDITION,2026-06-04T10:51:00,86.94.163.163,S3:customer-data,
326,20002,noah_rhodes71,OKTA,PASSWORD_RESET,2026-01-01T18:19:00,118.129.198.184,VPN:Gateway,
327,107,Sharon Cherry,AD,GROUP_ADDITION,2026-06-06T01:15:00,171.142.138.235,AD:GroupPolicy,
328,20022,pattyper,OKTA,LOGIN,2026-02-23T05:44:00,80.195.148.240,VPN:Gateway,
329,20031,rhenderson,OKTA,PASSWORD_RESET,2026-06-05T20:44:00,118.163.252.2,S3:customer-data,
330,10126,e.edwards.1,AWS,LOGIN,2026-05-05T08:03:00,49.14.184.252,CRM:Records,
331,10143,patriciarod,AWS,RESOURCE_ACCESS,2026-03-30T04:37:00,184.92.104.129,S3:customer-data,
332,10169,joel.williams,AWS,TOKEN_USED,2026-05-30T01:28:00,39.17.66.49,AWS:IAM,
333,10058,aguirre.r,AWS,GROUP_ADDITION,2026-05-28T12:47:00,61.186.26.90,S3:customer-data,
334,71,Jordan Henderson,AD,PRIVILEGE_CHANGE,2026-05-27T01:57:00,27.123.195.38,S3:customer-data,Backup Operator
335,20012,jamie.arnold,OKTA,PRIVILEGE_CHANGE,2026-03-18T19:58:00,29.57.117.74,AD:GroupPolicy,InternalToolsAdmin
336,116,Diana May,AD,LOGIN,2026-04-11T06:04:00,183.86.36.44,CRM:Records,
337,10105,richard_henson48,AWS,PRIVILEGE_CHANGE,2026-03-30T00:30:00,98.20.14.50,Okta:AdminConsole,PowerUserAccess
338,109,Evelyn Galvan,AD,TOKEN_USED,2026-03-31T09:34:00,93.67.82.99,VPN:Gateway,
339,10237,andrew_reynolds41,AWS,PASSWORD_RESET,2026-01-17T20:02:00,87.145.152.75,AD:GroupPolicy,
340,180,Robert Oconnell,AD,PASSWORD_RESET,2026-06-03T05:40:00,120.174.128.29,CRM:Records,
341,190,Jessica Gross,AD,GROUP_ADDITION,2026-06-14T11:37:00,174.142.119.215,AWS:IAM,
342,20070,williambak,OKTA,TOKEN_USED,2026-01-26T08:25:00,147.46.67.199,VPN:Gateway,
343,112,Shannon Walker,AD,RESOURCE_ACCESS,2026-02-12T10:38:00,119.98.137.115,VPN:Gateway,
344,68,Carol Tucker,AD,PRIVILEGE_CHANGE,2026-03-24T16:44:00,175.97.134.51,AWS:IAM,User
345,20156,michelle.brown,OKTA,RESOURCE_ACCESS,2025-12-21T03:00:00,196.1.168.165,Okta:AdminConsole,
346,10130,orr.m,AWS,PASSWORD_RESET,2025-12-27T02:27:00,203.119.246.46,VPN:Gateway,
347,10220,durandds.b,AWS,GROUP_ADDITION,2026-06-11T13:17:00,101.203.123.81,VPN:Gateway,
348,20201,brewer.m,OKTA,GROUP_ADDITION,2026-05-07T21:39:00,58.103.64.158,CRM:Records,
349,176,Alex Hernandez,AD,LOGIN,2026-04-07T13:54:00,66.99.183.248,VPN:Gateway,
350,95,John Whitehead,AD,LOGIN,2025-12-30T04:29:00,193.131.130.141,AWS:IAM,
351,10241,andrew.avila,AWS,LOGIN,2026-01-04T20:41:00,26.243.117.26,S3:customer-data,
352,20042,fred.smith,OKTA,LOGIN,2026-01-31T17:22:00,52.47.176.236,S3:customer-data,
353,10172,miller.d,AWS,RESOURCE_ACCESS,2026-04-09T17:40:00,169.123.27.174,CRM:Records,
354,10074,ldaniels,AWS,RESOURCE_ACCESS,2026-06-01T13:29:00,74.5.225.122,Okta:AdminConsole,
355,10154,flores.d,AWS,PRIVILEGE_CHANGE,2026-04-30T08:03:00,157.67.184.156,Okta:AdminConsole,IAMFullAccess
356,20025,mfoster,OKTA,PASSWORD_RESET,2026-03-05T02:29:00,175.215.143.101,VPN:Gateway,
357,10238,davis.d,AWS,GROUP_ADDITION,2026-06-13T15:54:00,111.41.60.12,VPN:Gateway,
358,10137,robertpot,AWS,LOGIN,2026-06-12T04:28:00,58.216.50.155,AD:GroupPolicy,
359,114,Crystal Johnson,AD,PASSWORD_RESET,2026-03-06T09:23:00,118.109.5.1,AD:GroupPolicy,
360,10037,sherri.baker,AWS,PRIVILEGE_CHANGE,2026-01-31T04:07:00,211.32.79.55,Okta:AdminConsole,S3ReadOnly
361,10047,johnpie,AWS,LOGIN,2026-03-03T01:21:00,200.73.217.200,S3:customer-data,
362,142,David Douglas Jr.,AD,LOGIN,2026-06-05T10:30:00,122.105.23.234,CRM:Records,
363,121,Larry Dixon,AD,RESOURCE_ACCESS,2026-04-06T06:49:00,184.37.214.237,AD:GroupPolicy,
364,10159,melissa_gates30,AWS,PRIVILEGE_CHANGE,2026-03-13T01:46:00,126.20.122.36,CRM:Records,PowerUserAccess
365,20244,brandonbai,OKTA,TOKEN_USED,2026-03-03T07:10:00,161.162.86.153,VPN:Gateway,
366,10195,john_bishop87,AWS,PRIVILEGE_CHANGE,2026-03-17T21:26:00,198.114.237.17,S3:customer-data,ReadOnlyAccess
367,20025,mfoster,OKTA,PRIVILEGE_CHANGE,2026-02-02T07:52:00,127.254.248.94,AD:GroupPolicy,SuperAdmin
368,10020,cgray,AWS,PRIVILEGE_CHANGE,2026-02-16T19:38:00,83.65.46.180,CRM:Records,EC2FullAccess
369,20133,mmarshall,OKTA,TOKEN_USED,2026-05-25T13:26:00,80.191.210.201,Okta:AdminConsole,
370,166,John Anderson,AD,RESOURCE_ACCESS,2026-03-21T14:22:00,163.137.78.216,Okta:AdminConsole,
371,10175,nicole.herring,AWS,PASSWORD_RESET,2026-01-01T08:24:00,100.51.88.236,Okta:AdminConsole,
372,20097,awise,OKTA,PASSWORD_RESET,2026-01-19T22:09:00,183.42.130.200,AWS:IAM,
373,25,Matthew Foster,AD,LOGIN,2026-03-21T22:30:00,71.148.217.207,Okta:AdminConsole,
374,10187,jonathan.peterson,AWS,GROUP_ADDITION,2025-12-28T06:40:00,165.166.254.50,S3:customer-data,
375,108,Sierra Johnson,AD,LOGIN,2026-01-11T23:38:00,161.7.123.117,AWS:IAM,
376,20125,h.jones.9,OKTA,PRIVILEGE_CHANGE,2026-05-02T13:28:00,110.132.68.93,CRM:Records,HelpDeskAdmin
377,20148,stephaniesal,OKTA,LOGIN,2026-01-22T10:51:00,181.46.90.143,VPN:Gateway,
378,129,Cameron Fisher,AD,LOGIN,2026-02-04T13:39:00,60.153.162.148,Okta:AdminConsole,
379,10245,shannonriv,AWS,LOGIN,2026-04-16T20:02:00,141.67.160.172,S3:customer-data,
380,133,Mary Marshall,AD,TOKEN_USED,2026-04-05T16:47:00,202.227.47.210,AD:GroupPolicy,
381,20013,lhensley,OKTA,RESOURCE_ACCESS,2026-01-19T14:08:00,139.86.143.161,CRM:Records,
382,10027,justin_baker1,AWS,RESOURCE_ACCESS,2026-04-07T00:31:00,160.193.47.232,AD:GroupPolicy,
383,90,Aimee Montoya,AD,RESOURCE_ACCESS,2026-06-04T21:37:00,214.93.211.85,CRM:Records,
384,20053,c.robinson.1,OKTA,LOGIN,2026-02-24T01:43:00,139.54.70.153,AD:GroupPolicy,
385,20137,r.potter.9,OKTA,TOKEN_USED,2026-05-18T15:00:00,74.194.81.122,VPN:Gateway,
386,10046,cannon.p,AWS,PASSWORD_RESET,2026-04-26T18:13:00,185.61.187.43,AWS:IAM,
387,234,Laura Roberts,AD,LOGIN,2025-12-22T15:53:00,52.180.46.62,Okta:AdminConsole,
388,20217,rmorales,OKTA,PASSWORD_RESET,2026-05-07T11:27:00,136.13.239.199,Okta:AdminConsole,
389,10130,orr.m,AWS,PASSWORD_RESET,2026-03-14T18:44:00,57.78.23.135,AWS:IAM,
390,20092,brian_rodriguez23,OKTA,LOGIN,2026-05-10T02:57:00,128.114.179.8,S3:customer-data,
391,10058,aguirre.r,AWS,RESOURCE_ACCESS,2026-01-19T09:50:00,55.30.195.87,AD:GroupPolicy,
392,27,Justin Baker,AD,RESOURCE_ACCESS,2025-12-24T14:48:00,216.118.95.186,S3:customer-data,
393,49,Joshua Blair,AD,GROUP_ADDITION,2026-03-11T15:49:00,43.155.22.116,AWS:IAM,
394,10023,ethanada,AWS,GROUP_ADDITION,2026-01-15T08:59:00,36.152.175.246,CRM:Records,
395,44,Anthony Humphrey,AD,RESOURCE_ACCESS,2026-02-10T07:07:00,137.154.226.20,CRM:Records,
396,20082,mikeall,OKTA,GROUP_ADDITION,2026-04-30T01:03:00,95.146.149.207,AWS:IAM,
397,10242,mmoon,AWS,TOKEN_USED,2026-04-06T03:26:00,132.116.255.17,S3:customer-data,
398,10106,moore.m,AWS,RESOURCE_ACCESS,2026-05-09T09:25:00,164.148.188.5,AWS:IAM,
399,20012,jamie.arnold,OKTA,RESOURCE_ACCESS,2026-05-18T15:50:00,116.47.138.160,S3:customer-data,
400,76,Sarah Moore,AD,RESOURCE_ACCESS,2026-01-30T03:15:00,27.246.10.188,S3:customer-data,
401,10002,nrhodes,AWS,GROUP_ADDITION,2026-05-07T16:10:00,26.214.51.103,CRM:Records,
402,20127,mevans,OKTA,LOGIN,2026-03-19T12:48:00,89.199.72.173,Okta:AdminConsole,
403,10246,d.landry.8,AWS,TOKEN_USED,2026-05-18T16:33:00,33.25.243.34,AWS:IAM,
404,243,Kevin Walters,AD,TOKEN_USED,2026-02-01T18:17:00,56.250.57.189,VPN:Gateway,
405,10210,b.lee.6,AWS,GROUP_ADDITION,2025-12-22T10:14:00,207.193.140.246,S3:customer-data,
406,10182,tsanders,AWS,GROUP_ADDITION,2026-01-05T18:59:00,199.39.17.114,AWS:IAM,
407,87,Shirley Suarez,AD,PRIVILEGE_CHANGE,2026-01-16T18:56:00,117.236.63.207,AWS:IAM,Account Operator
408,70,William Baker,AD,TOKEN_USED,2026-06-11T16:07:00,66.170.196.106,CRM:Records,
409,10135,rebecca_jackson79,AWS,GROUP_ADDITION,2026-01-24T19:19:00,24.116.125.51,AWS:IAM,
410,20124,michellehar,OKTA,TOKEN_USED,2026-06-19T11:42:00,95.159.9.34,S3:customer-data,
411,188,Samantha Garcia,AD,LOGIN,2026-06-07T07:06:00,82.60.41.230,Okta:AdminConsole,
412,20027,baker.j,OKTA,GROUP_ADDITION,2026-03-02T22:37:00,140.65.179.197,CRM:Records,
413,10245,shannonriv,AWS,TOKEN_USED,2026-05-24T21:44:00,103.69.75.66,AD:GroupPolicy,
414,58,Richard Aguirre,AD,PASSWORD_RESET,2026-01-19T01:59:00,199.209.171.146,VPN:Gateway,
415,226,Benjamin Smith,AD,PASSWORD_RESET,2026-01-05T01:25:00,35.249.24.229,CRM:Records,
416,20115,glin,OKTA,PASSWORD_RESET,2026-02-10T21:20:00,197.222.188.16,VPN:Gateway,
417,195,John Bishop,AD,GROUP_ADDITION,2026-04-03T14:13:00,58.231.226.175,CRM:Records,
418,20028,stephanieros,OKTA,GROUP_ADDITION,2026-02-21T07:08:00,76.212.68.174,S3:customer-data,
419,20223,eoliverdds,OKTA,PASSWORD_RESET,2026-05-25T05:46:00,98.89.181.22,Okta:AdminConsole,
420,20019,ljackson,OKTA,RESOURCE_ACCESS,2026-06-08T01:54:00,194.26.239.156,AWS:IAM,
421,246,Donna Landry,AD,GROUP_ADDITION,2026-04-17T00:38:00,177.87.187.94,S3:customer-data,
422,166,John Anderson,AD,RESOURCE_ACCESS,2026-05-29T15:31:00,171.101.17.198,CRM:Records,
423,119,Victor Baker,AD,PASSWORD_RESET,2026-04-01T22:00:00,161.166.179.16,CRM:Records,
424,10081,kelly_donovan8,AWS,RESOURCE_ACCESS,2026-01-06T22:56:00,44.156.202.191,S3:customer-data,
425,154,Devon Flores,AD,RESOURCE_ACCESS,2026-01-01T10:39:00,195.100.154.58,Okta:AdminConsole,
426,135,Rebecca Jackson,AD,RESOURCE_ACCESS,2026-04-06T22:18:00,106.250.136.179,CRM:Records,
427,10017,hollywoo,AWS,GROUP_ADDITION,2026-03-20T09:52:00,218.68.159.190,AWS:IAM,
428,89,Lisa Archer,AD,PRIVILEGE_CHANGE,2026-02-22T23:06:00,156.80.55.160,AWS:IAM,Enterprise Admin
429,20119,v.baker.8,OKTA,PRIVILEGE_CHANGE,2026-03-29T10:32:00,88.30.225.99,S3:customer-data,ApplicationAdmin
430,20172,darlenemil,OKTA,TOKEN_USED,2026-01-14T04:10:00,101.107.129.231,Okta:AdminConsole,
431,154,Devon Flores,AD,LOGIN,2026-04-23T03:32:00,196.64.114.184,VPN:Gateway,
432,20150,stephanie.manning,OKTA,PRIVILEGE_CHANGE,2026-01-05T23:31:00,134.253.14.115,VPN:Gateway,GroupAdmin
433,10011,monicaher,AWS,LOGIN,2026-04-19T21:07:00,104.90.212.85,VPN:Gateway,
434,20033,valencia.t,OKTA,GROUP_ADDITION,2026-05-01T16:53:00,90.147.150.90,S3:customer-data,
435,10094,walters.c,AWS,PRIVILEGE_CHANGE,2026-02-07T00:06:00,43.249.31.121,AD:GroupPolicy,S3ReadOnly
436,181,Alexander Collins,AD,TOKEN_USED,2026-03-16T19:24:00,95.139.119.22,AD:GroupPolicy,
437,38,Cassandra Gaines,AD,LOGIN,2026-01-30T15:37:00,127.211.188.141,Okta:AdminConsole,
438,10212,dmccann,AWS,TOKEN_USED,2026-04-10T01:29:00,82.64.119.83,VPN:Gateway,
439,20052,dannymor,OKTA,PRIVILEGE_CHANGE,2026-03-06T04:32:00,147.54.110.139,AWS:IAM,User
440,210,Brian Lee,AD,RESOURCE_ACCESS,2026-02-14T02:10:00,95.21.1.226,Okta:AdminConsole,
441,222,Jeremy Dalton,AD,RESOURCE_ACCESS,2026-01-01T06:27:00,81.115.49.92,CRM:Records,
442,10015,dylan_miller29,AWS,PRIVILEGE_CHANGE,2026-04-13T03:51:00,209.134.225.211,S3:customer-data,EC2FullAccess
443,148,Stephanie Salazar,AD,GROUP_ADDITION,2026-02-26T00:34:00,161.192.123.183,AWS:IAM,
444,178,Michael Wang,AD,GROUP_ADDITION,2026-02-16T06:07:00,143.144.114.142,S3:customer-data,
445,20178,michaelwan,OKTA,RESOURCE_ACCESS,2026-04-06T01:33:00,50.26.236.226,VPN:Gateway,
446,10061,victoria.garcia,AWS,TOKEN_USED,2026-04-15T17:13:00,82.64.241.22,Okta:AdminConsole,
447,20213,martinez.m,OKTA,GROUP_ADDITION,2026-04-06T03:41:00,23.70.145.35,S3:customer-data,
448,20066,amber.kidd,OKTA,PASSWORD_RESET,2026-05-22T04:37:00,97.231.73.103,AWS:IAM,
449,20008,gina_moore9,OKTA,PASSWORD_RESET,2026-01-30T21:56:00,189.250.95.214,AWS:IAM,
450,20207,herrera.b,OKTA,PRIVILEGE_CHANGE,2026-03-12T11:12:00,34.227.234.122,AWS:IAM,ApplicationAdmin
451,75,Amy Silva,AD,RESOURCE_ACCESS,2026-04-10T09:48:00,69.139.154.158,CRM:Records,
452,174,Matthew Harrington,AD,TOKEN_USED,2026-04-29T19:09:00,162.33.187.119,S3:customer-data,
453,10123,april_frost45,AWS,PRIVILEGE_CHANGE,2026-01-11T12:29:00,149.225.28.243,S3:customer-data,AdministratorAccess
454,20160,jamiesmi,OKTA,PRIVILEGE_CHANGE,2026-06-13T14:46:00,36.70.61.131,S3:customer-data,Admin
455,20109,egalvan,OKTA,LOGIN,2026-01-25T03:52:00,39.37.227.142,VPN:Gateway,
456,211,Christopher Smith,AD,RESOURCE_ACCESS,2026-05-27T18:41:00,166.24.11.52,Okta:AdminConsole,
457,10025,matthew.foster,AWS,PASSWORD_RESET,2026-01-24T18:04:00,86.81.23.56,CRM:Records,
458,10105,richard_henson48,AWS,TOKEN_USED,2026-02-11T15:13:00,74.8.210.8,S3:customer-data,
459,10040,farmer.b,AWS,PASSWORD_RESET,2025-12-24T11:36:00,107.126.95.158,AD:GroupPolicy,
460,20136,josesch,OKTA,TOKEN_USED,2026-05-25T02:18:00,86.108.177.44,CRM:Records,
461,20007,ashaffer,OKTA,RESOURCE_ACCESS,2026-06-04T01:19:00,207.58.20.150,CRM:Records,
462,62,Gerald Hensley,AD,LOGIN,2026-01-15T06:49:00,192.72.239.70,AD:GroupPolicy,
463,10227,kirkcar,AWS,LOGIN,2026-05-30T23:11:00,174.124.118.150,CRM:Records,
464,10026,jbaker,AWS,GROUP_ADDITION,2026-05-24T18:18:00,83.200.85.185,AD:GroupPolicy,
465,20008,gina_moore9,OKTA,PRIVILEGE_CHANGE,2026-03-24T03:27:00,54.151.18.174,AD:GroupPolicy,User
466,20202,rickydav,OKTA,PRIVILEGE_CHANGE,2026-03-05T03:36:00,132.159.54.243,Okta:AdminConsole,SuperAdmin
467,148,Stephanie Salazar,AD,GROUP_ADDITION,2026-05-02T14:30:00,65.43.116.175,Okta:AdminConsole,
468,2,Noah Rhodes,AD,PRIVILEGE_CHANGE,2026-06-08T02:11:00,154.88.245.121,CRM:Records,Server Operator
469,76,Sarah Moore,AD,TOKEN_USED,2026-04-18T16:44:00,154.110.141.188,S3:customer-data,
470,20239,s.johnston.1,OKTA,RESOURCE_ACCESS,2026-05-27T08:35:00,213.106.147.79,Okta:AdminConsole,
471,10127,michelle.evans,AWS,PASSWORD_RESET,2026-05-10T05:22:00,57.253.173.160,AD:GroupPolicy,
472,10113,juliator,AWS,LOGIN,2026-01-20T00:20:00,171.117.223.190,AWS:IAM,
473,20215,j.alexander.6,OKTA,PASSWORD_RESET,2026-06-11T17:23:00,190.137.46.221,VPN:Gateway,
474,20181,acollins,OKTA,TOKEN_USED,2026-04-22T23:30:00,120.183.152.43,S3:customer-data,
475,46,Philip Cannon,AD,PASSWORD_RESET,2026-02-05T05:36:00,152.113.149.23,VPN:Gateway,
476,10002,nrhodes,AWS,TOKEN_USED,2026-02-10T14:04:00,183.235.83.219,Okta:AdminConsole,
477,10113,juliator,AWS,RESOURCE_ACCESS,2026-01-19T19:34:00,140.1.217.83,AD:GroupPolicy,
478,20175,nherring,OKTA,RESOURCE_ACCESS,2026-03-18T17:32:00,170.23.121.125,Okta:AdminConsole,
479,10127,michelle.evans,AWS,PRIVILEGE_CHANGE,2026-04-13T07:13:00,132.118.216.90,CRM:Records,AdministratorAccess
480,10120,j.chandler.2,AWS,TOKEN_USED,2026-06-02T15:40:00,223.90.121.159,VPN:Gateway,
481,20182,tina_sanders93,OKTA,RESOURCE_ACCESS,2026-03-23T08:27:00,202.223.254.176,Okta:AdminConsole,
482,20221,c.mills.3,OKTA,TOKEN_USED,2026-02-26T12:55:00,132.201.205.109,CRM:Records,
483,134,Daniel Kennedy,AD,GROUP_ADDITION,2026-05-13T07:09:00,210.99.47.92,S3:customer-data,
484,135,Rebecca Jackson,AD,LOGIN,2026-03-01T00:50:00,65.253.53.216,AWS:IAM,
485,247,Krista Gibson,AD,PRIVILEGE_CHANGE,2026-03-14T00:43:00,33.200.161.122,AWS:IAM,User
486,20166,johnand,OKTA,PASSWORD_RESET,2026-02-20T18:06:00,28.122.243.96,Okta:AdminConsole,
487,10185,lindsaymar,AWS,LOGIN,2026-04-06T13:30:00,77.102.81.126,AWS:IAM,
488,10060,j.daniel.4,AWS,TOKEN_USED,2026-01-04T02:39:00,81.28.95.85,CRM:Records,
489,10177,michael_elliott30,AWS,LOGIN,2026-02-17T00:44:00,170.134.16.86,AD:GroupPolicy,
490,10117,william_herrera31,AWS,PRIVILEGE_CHANGE,2026-04-30T20:11:00,84.43.52.219,S3:customer-data,IAMFullAccess
491,22,Patty Perez,AD,LOGIN,2026-05-08T00:12:00,87.228.167.38,AWS:IAM,
492,20221,c.mills.3,OKTA,TOKEN_USED,2026-05-29T07:28:00,203.101.220.202,CRM:Records,
493,5,Cristian Santos,AD,LOGIN,2026-01-22T02:32:00,77.94.129.73,S3:customer-data,
494,10111,richard_rodriguez88,AWS,PASSWORD_RESET,2026-06-12T14:16:00,216.5.252.252,AWS:IAM,
495,10032,jferrell,AWS,GROUP_ADDITION,2026-06-07T10:44:00,124.162.35.135,Okta:AdminConsole,
496,10057,timothy_duncan53,AWS,RESOURCE_ACCESS,2025-12-22T15:19:00,151.75.234.188,CRM:Records,
497,10226,smith.b,AWS,GROUP_ADDITION,2025-12-25T07:20:00,172.220.217.134,Okta:AdminConsole,
498,20183,vaughn.a,OKTA,LOGIN,2026-04-25T15:38:00,84.152.219.243,CRM:Records,
499,10021,margaret_hawkinsdds12,AWS,PASSWORD_RESET,2026-03-21T04:36:00,181.60.202.57,AD:GroupPolicy,
500,20007,ashaffer,OKTA,PRIVILEGE_CHANGE,2026-05-12T09:23:00,206.6.253.170,AD:GroupPolicy,Admin
501,141,Cheyenne Horton,AD,GROUP_ADDITION,2026-01-07T14:14:00,25.119.238.131,S3:customer-data,
502,20155,b.hall.7,OKTA,PRIVILEGE_CHANGE,2026-05-04T16:11:00,77.34.96.74,CRM:Records,InternalToolsAdmin
503,20127,mevans,OKTA,GROUP_ADDITION,2026-04-06T20:40:00,164.245.210.119,CRM:Records,
504,10226,smith.b,AWS,PRIVILEGE_CHANGE,2026-01-11T22:57:00,161.126.52.18,VPN:Gateway,EC2FullAccess
505,10064,wright.d,AWS,PASSWORD_RESET,2026-05-26T04:35:00,131.180.219.231,AD:GroupPolicy,
506,78,Megan Young,AD,PASSWORD_RESET,2025-12-22T04:20:00,139.160.229.18,AWS:IAM,
507,20162,jennifer.adkins,OKTA,LOGIN,2026-05-11T23:37:00,124.229.228.133,VPN:Gateway,
508,10081,kelly_donovan8,AWS,PRIVILEGE_CHANGE,2026-02-27T13:14:00,162.219.186.72,S3:customer-data,AdministratorAccess
509,10168,a.day.8,AWS,GROUP_ADDITION,2026-05-07T04:04:00,39.143.9.168,AD:GroupPolicy,
510,242,Matthew Moon,AD,RESOURCE_ACCESS,2026-03-19T20:43:00,153.91.48.194,AWS:IAM,
511,127,Michelle Evans,AD,RESOURCE_ACCESS,2026-03-05T21:42:00,56.231.131.197,S3:customer-data,
512,20155,b.hall.7,OKTA,TOKEN_USED,2026-06-07T22:37:00,127.245.194.185,S3:customer-data,
513,20147,larson.v,OKTA,PRIVILEGE_CHANGE,2026-05-03T09:47:00,161.32.188.174,AWS:IAM,Admin
514,242,Matthew Moon,AD,RESOURCE_ACCESS,2026-04-19T07:13:00,215.69.136.66,CRM:Records,
515,10062,ghensley,AWS,GROUP_ADDITION,2026-01-01T11:35:00,168.214.76.192,Okta:AdminConsole,
516,31,Rebecca Henderson,AD,GROUP_ADDITION,2025-12-27T20:33:00,136.206.71.156,Okta:AdminConsole,
517,20084,paul.jones,OKTA,RESOURCE_ACCESS,2026-06-13T11:47:00,201.124.100.244,AWS:IAM,
518,20103,rvalencia,OKTA,PRIVILEGE_CHANGE,2026-01-12T23:07:00,59.154.197.95,AWS:IAM,ApplicationAdmin
519,86,Daniel Baker,AD,RESOURCE_ACCESS,2026-03-23T07:10:00,60.204.47.75,Okta:AdminConsole,
520,10183,angela_vaughn43,AWS,PRIVILEGE_CHANGE,2026-04-09T06:56:00,46.253.138.234,AWS:IAM,ReadOnlyAccess
521,10106,moore.m,AWS,PRIVILEGE_CHANGE,2026-05-21T14:04:00,27.186.167.103,CRM:Records,ReadOnlyAccess
522,10002,nrhodes,AWS,GROUP_ADDITION,2026-01-09T13:00:00,144.26.41.38,VPN:Gateway,
523,10061,victoria.garcia,AWS,PRIVILEGE_CHANGE,2026-04-05T18:47:00,134.124.139.136,Okta:AdminConsole,S3FullAccess
524,10090,a.montoya.6,AWS,RESOURCE_ACCESS,2026-02-21T01:34:00,209.40.168.163,VPN:Gateway,
525,10211,christopher.smith,AWS,PASSWORD_RESET,2026-06-11T02:39:00,32.90.192.78,AD:GroupPolicy,
526,108,Sierra Johnson,AD,RESOURCE_ACCESS,2026-06-17T03:23:00,26.81.48.237,VPN:Gateway,
527,10021,margaret_hawkinsdds12,AWS,TOKEN_USED,2026-01-25T21:31:00,60.152.223.201,CRM:Records,
528,20177,elliott.m,OKTA,TOKEN_USED,2026-03-10T11:18:00,27.17.199.50,S3:customer-data,
529,20111,rodriguez.r,OKTA,TOKEN_USED,2026-05-08T04:45:00,39.233.134.112,CRM:Records,
530,188,Samantha Garcia,AD,RESOURCE_ACCESS,2026-05-23T04:30:00,46.87.233.114,VPN:Gateway,
531,20011,m.herrera.3,OKTA,PRIVILEGE_CHANGE,2026-03-30T15:20:00,93.122.161.134,Okta:AdminConsole,GroupAdmin
532,10101,sandraagu,AWS,GROUP_ADDITION,2025-12-21T11:03:00,199.18.197.247,Okta:AdminConsole,
533,20241,aavila,OKTA,LOGIN,2026-05-08T21:56:00,46.223.209.25,VPN:Gateway,
534,10116,dmay,AWS,PASSWORD_RESET,2026-06-11T06:52:00,145.250.219.60,CRM:Records,
535,181,Alexander Collins,AD,PRIVILEGE_CHANGE,2026-05-29T05:30:00,216.169.198.98,AWS:IAM,Account Operator
536,10007,abigail.shaffer,AWS,PASSWORD_RESET,2026-04-19T05:17:00,162.76.42.130,CRM:Records,
537,20117,herrera.w,OKTA,LOGIN,2026-06-07T01:59:00,177.251.147.131,S3:customer-data,
538,10230,lguerrero,AWS,PRIVILEGE_CHANGE,2026-03-11T06:58:00,223.255.19.217,CRM:Records,EC2FullAccess
539,20213,martinez.m,OKTA,GROUP_ADDITION,2026-06-05T05:30:00,47.93.88.118,AD:GroupPolicy,
540,118,Ashley Waller,AD,RESOURCE_ACCESS,2026-04-26T05:55:00,62.162.21.232,VPN:Gateway,
541,171,Jamie Walton,AD,PRIVILEGE_CHANGE,2026-02-23T23:42:00,128.233.73.238,S3:customer-data,Backup Operator
542,20139,dalvarez,OKTA,PASSWORD_RESET,2026-06-18T23:51:00,98.35.145.188,S3:customer-data,
543,20176,alex_hernandez97,OKTA,TOKEN_USED,2026-01-04T03:11:00,210.152.89.9,VPN:Gateway,
544,20047,j.pierce.2,OKTA,LOGIN,2026-03-24T23:46:00,164.56.19.98,AWS:IAM,
545,219,Justin Torres,AD,PASSWORD_RESET,2026-05-31T22:14:00,86.41.197.180,AD:GroupPolicy,
546,10193,debra.christian,AWS,GROUP_ADDITION,2025-12-23T05:59:00,101.18.82.97,VPN:Gateway,
547,196,Allen Rosales,AD,GROUP_ADDITION,2026-02-27T05:04:00,137.40.131.233,S3:customer-data,
548,20209,d.williamwarren.4,OKTA,LOGIN,2026-05-17T23:47:00,186.228.239.251,S3:customer-data,
549,10106,moore.m,AWS,GROUP_ADDITION,2026-02-04T20:50:00,105.224.71.70,AWS:IAM,
550,10225,matthew_moore48,AWS,RESOURCE_ACCESS,2025-12-28T09:38:00,138.112.86.254,VPN:Gateway,
551,20113,j.torres.7,OKTA,PRIVILEGE_CHANGE,2026-03-01T11:58:00,208.147.42.83,S3:customer-data,GroupAdmin
552,20193,dchristian,OKTA,PRIVILEGE_CHANGE,2026-01-06T20:17:00,138.12.152.123,AD:GroupPolicy,User
553,20004,danielwag,OKTA,RESOURCE_ACCESS,2026-04-15T13:03:00,74.14.36.126,CRM:Records,
554,10134,dkennedy,AWS,PRIVILEGE_CHANGE,2026-02-16T17:09:00,166.247.134.94,AWS:IAM,PowerUserAccess
555,20173,j.cooke.1,OKTA,RESOURCE_ACCESS,2026-02-08T19:27:00,86.191.104.241,CRM:Records,
556,20189,poole.m,OKTA,GROUP_ADDITION,2026-05-31T16:39:00,215.153.163.92,S3:customer-data,
557,10091,matthew.mcmillan,AWS,PASSWORD_RESET,2026-01-25T04:11:00,44.198.251.88,Okta:AdminConsole,
558,10014,mwilliams,AWS,TOKEN_USED,2026-03-28T10:19:00,130.157.194.143,AD:GroupPolicy,
559,10217,rodney.morales,AWS,LOGIN,2026-03-07T15:03:00,185.145.12.244,Okta:AdminConsole,
560,174,Matthew Harrington,AD,TOKEN_USED,2026-01-10T20:05:00,208.44.238.202,AD:GroupPolicy,
561,20235,mlyons,OKTA,RESOURCE_ACCESS,2026-01-13T09:49:00,51.37.110.163,AWS:IAM,
562,20222,jeremy.dalton,OKTA,TOKEN_USED,2026-01-26T04:05:00,93.24.204.195,S3:customer-data,
563,19,Lisa Jackson,AD,LOGIN,2026-04-21T13:14:00,80.110.204.38,Okta:AdminConsole,
564,144,Christopher Rubio,AD,PASSWORD_RESET,2026-03-26T00:38:00,142.38.43.109,VPN:Gateway,
565,10015,dylan_miller29,AWS,TOKEN_USED,2026-05-28T14:12:00,118.234.73.4,VPN:Gateway,
566,20092,brian_rodriguez23,OKTA,LOGIN,2026-03-11T04:25:00,150.108.253.150,Okta:AdminConsole,
567,10180,r.oconnell.9,AWS,LOGIN,2026-04-23T19:28:00,56.88.204.75,VPN:Gateway,
568,25,Matthew Foster,AD,PASSWORD_RESET,2026-04-10T07:44:00,125.37.233.47,CRM:Records,
569,124,Michelle Harmon,AD,PRIVILEGE_CHANGE,2026-05-09T08:40:00,181.73.112.1,CRM:Records,Backup Operator
570,62,Gerald Hensley,AD,TOKEN_USED,2025-12-28T17:44:00,53.154.108.203,Okta:AdminConsole,
571,20154,devonflo,OKTA,TOKEN_USED,2026-05-30T08:35:00,79.204.122.125,S3:customer-data,
572,10015,dylan_miller29,AWS,RESOURCE_ACCESS,2026-05-18T14:05:00,185.74.142.38,AWS:IAM,
573,20160,jamiesmi,OKTA,GROUP_ADDITION,2026-03-29T13:23:00,66.158.34.215,AD:GroupPolicy,
574,10005,cristiansan,AWS,GROUP_ADDITION,2026-03-12T07:46:00,139.102.255.206,AWS:IAM,
575,10235,michael.lyons,AWS,LOGIN,2026-03-21T04:47:00,52.179.88.209,AWS:IAM,
576,10030,a.rodriguez.7,AWS,RESOURCE_ACCESS,2025-12-28T08:30:00,147.21.61.186,Okta:AdminConsole,
577,20121,ldixon,OKTA,PASSWORD_RESET,2026-04-21T19:51:00,189.233.187.241,CRM:Records,
578,10061,victoria.garcia,AWS,TOKEN_USED,2026-04-28T03:19:00,182.253.1.82,AD:GroupPolicy,
579,159,Melissa Gates,AD,GROUP_ADDITION,2026-04-27T21:46:00,140.177.57.239,VPN:Gateway,
580,10250,gutierrez.k,AWS,TOKEN_USED,2026-05-08T19:28:00,176.82.134.254,VPN:Gateway,
581,10067,tracy.house,AWS,PASSWORD_RESET,2026-04-20T02:13:00,29.118.193.210,CRM:Records,
582,153,Denise Jones,AD,GROUP_ADDITION,2026-01-31T23:14:00,170.46.34.248,S3:customer-data,
583,10034,maldonado.n,AWS,GROUP_ADDITION,2026-03-06T16:19:00,98.78.89.250,CRM:Records,
584,216,Anthony Everett,AD,PASSWORD_RESET,2026-03-09T23:17:00,152.143.153.26,AD:GroupPolicy,
585,10067,tracy.house,AWS,TOKEN_USED,2026-03-13T11:09:00,35.44.197.176,AWS:IAM,
586,32,James Ferrell,AD,TOKEN_USED,2025-12-29T08:23:00,41.44.12.192,CRM:Records,
587,20189,poole.m,OKTA,RESOURCE_ACCESS,2026-01-27T15:58:00,149.31.42.204,VPN:Gateway,
588,140,Angel Perry,AD,PRIVILEGE_CHANGE,2026-04-17T01:50:00,81.151.26.154,AD:GroupPolicy,Server Operator
589,150,Stephanie Manning,AD,PRIVILEGE_CHANGE,2026-01-13T01:20:00,66.212.170.148,AD:GroupPolicy,Enterprise Admin
590,20019,ljackson,OKTA,LOGIN,2026-06-04T02:52:00,182.64.186.49,CRM:Records,
591,20216,anthony.everett,OKTA,PRIVILEGE_CHANGE,2026-06-12T04:14:00,132.108.43.144,AD:GroupPolicy,GroupAdmin
592,179,Lawrence Adkins,AD,RESOURCE_ACCESS,2026-06-04T00:26:00,167.64.58.69,AD:GroupPolicy,
593,20122,kenneth_scott92,OKTA,LOGIN,2026-01-18T22:45:00,50.206.65.20,CRM:Records,
594,20024,tommy.walter,OKTA,LOGIN,2026-03-03T14:33:00,159.228.204.86,Okta:AdminConsole,
595,20054,mark.perez,OKTA,PRIVILEGE_CHANGE,2026-03-25T01:13:00,27.98.178.108,AWS:IAM,ApplicationAdmin
596,20113,j.torres.7,OKTA,TOKEN_USED,2026-02-15T15:13:00,168.130.209.115,VPN:Gateway,
597,10022,perez.p,AWS,PASSWORD_RESET,2026-04-16T06:16:00,47.148.14.87,S3:customer-data,
598,89,Lisa Archer,AD,TOKEN_USED,2026-03-29T01:13:00,80.134.92.195,AD:GroupPolicy,
599,20236,kathryn_snyder3,OKTA,PRIVILEGE_CHANGE,2025-12-30T06:00:00,100.194.91.214,S3:customer-data,ApplicationAdmin
600,15,Dylan Miller,AD,LOGIN,2026-03-17T05:27:00,103.3.164.90,CRM:Records,
601,4,Daniel Wagner,AD,TOKEN_USED,2026-02-12T13:20:00,35.89.171.29,Okta:AdminConsole,
602,10081,kelly_donovan8,AWS,PRIVILEGE_CHANGE,2026-02-22T03:08:00,202.162.181.18,CRM:Records,IAMFullAccess
603,20194,angelica_keith79,OKTA,PRIVILEGE_CHANGE,2026-05-05T01:25:00,159.56.249.72,AD:GroupPolicy,InternalToolsAdmin
604,20210,brian.lee,OKTA,TOKEN_USED,2026-02-20T01:00:00,176.46.19.229,AD:GroupPolicy,
605,20246,donna.landry,OKTA,PASSWORD_RESET,2026-03-07T21:42:00,25.152.161.198,VPN:Gateway,
606,20128,jason_powell60,OKTA,GROUP_ADDITION,2026-01-12T16:58:00,201.1.201.157,AD:GroupPolicy,
607,236,Kathryn Snyder,AD,RESOURCE_ACCESS,2026-03-13T23:03:00,221.205.1.186,AWS:IAM,
608,10034,maldonado.n,AWS,TOKEN_USED,2026-02-26T04:57:00,168.64.193.212,CRM:Records,
609,10191,debramor,AWS,GROUP_ADDITION,2026-04-12T08:44:00,212.40.134.140,AD:GroupPolicy,
610,10209,dr.wil,AWS,TOKEN_USED,2026-02-09T04:30:00,191.182.254.203,AWS:IAM,
611,20240,yvonne.chambers,OKTA,TOKEN_USED,2026-05-17T12:44:00,100.189.187.201,AD:GroupPolicy,
612,146,Joyce Solis,AD,PRIVILEGE_CHANGE,2026-06-19T09:13:00,59.10.44.229,Okta:AdminConsole,Account Operator
613,10183,angela_vaughn43,AWS,RESOURCE_ACCESS,2026-05-16T14:52:00,223.47.61.186,AWS:IAM,
614,20098,deborah_figueroa17,OKTA,GROUP_ADDITION,2026-03-12T20:05:00,147.99.71.105,S3:customer-data,
615,10165,michael_powell37,AWS,TOKEN_USED,2026-05-16T06:54:00,102.204.46.186,AWS:IAM,
616,126,Erin Edwards,AD,LOGIN,2026-01-26T11:06:00,82.41.23.138,AD:GroupPolicy,
617,10092,brodriguez,AWS,LOGIN,2026-06-01T04:27:00,60.226.25.21,VPN:Gateway,
618,10157,joshua.perry,AWS,PRIVILEGE_CHANGE,2026-04-29T07:26:00,87.28.118.117,Okta:AdminConsole,EC2FullAccess
619,10022,perez.p,AWS,GROUP_ADDITION,2026-03-06T16:48:00,44.142.27.183,Okta:AdminConsole,
620,20187,jpeterson,OKTA,PRIVILEGE_CHANGE,2026-03-21T23:39:00,154.52.118.82,AD:GroupPolicy,GroupAdmin
621,20098,deborah_figueroa17,OKTA,TOKEN_USED,2026-04-18T20:02:00,119.139.106.142,CRM:Records,
622,27,Justin Baker,AD,LOGIN,2026-01-09T19:44:00,139.150.137.158,AWS:IAM,
623,250,Kimberly Gutierrez,AD,GROUP_ADDITION,2026-05-22T20:22:00,181.175.46.246,Okta:AdminConsole,
624,60,John Daniel,AD,TOKEN_USED,2026-05-31T20:23:00,181.132.0.21,AD:GroupPolicy,
625,20026,judy_baker53,OKTA,PRIVILEGE_CHANGE,2026-03-25T05:58:00,219.239.93.236,Okta:AdminConsole,HelpDeskAdmin
626,205,Erin Warner,AD,RESOURCE_ACCESS,2026-02-19T23:23:00,173.9.14.180,Okta:AdminConsole,
627,134,Daniel Kennedy,AD,GROUP_ADDITION,2026-05-12T22:37:00,198.63.247.138,CRM:Records,
628,10100,mckee.s,AWS,GROUP_ADDITION,2026-02-17T22:21:00,42.252.59.228,CRM:Records,
629,10201,melissa_brewer89,AWS,TOKEN_USED,2026-06-10T06:47:00,123.105.20.5,CRM:Records,
630,213,Melissa Martinez,AD,LOGIN,2026-04-16T03:02:00,108.243.39.56,CRM:Records,
631,8,Gina Moore,AD,LOGIN,2025-12-22T07:41:00,214.69.103.1,AD:GroupPolicy,
632,191,Debra Morton,AD,PRIVILEGE_CHANGE,2026-04-15T20:25:00,219.162.41.188,CRM:Records,Server Operator
633,10231,jessica_stephens51,AWS,LOGIN,2026-05-22T20:44:00,28.216.225.147,S3:customer-data,
634,58,Richard Aguirre,AD,GROUP_ADDITION,2026-06-05T23:45:00,95.247.243.240,AWS:IAM,
635,196,Allen Rosales,AD,PASSWORD_RESET,2025-12-22T14:59:00,41.221.47.218,S3:customer-data,
636,29,Zachary Hicks,AD,RESOURCE_ACCESS,2026-06-02T09:13:00,75.64.21.233,VPN:Gateway,
637,204,Joseph Coleman,AD,RESOURCE_ACCESS,2026-04-02T17:50:00,211.215.39.224,CRM:Records,
638,20122,kenneth_scott92,OKTA,PASSWORD_RESET,2026-05-03T22:43:00,37.174.80.251,S3:customer-data,
639,20192,karen.graham,OKTA,PRIVILEGE_CHANGE,2026-02-07T05:54:00,213.180.84.186,AD:GroupPolicy,GroupAdmin
640,20096,anna.henderson,OKTA,PRIVILEGE_CHANGE,2026-04-22T06:31:00,185.10.61.110,VPN:Gateway,Admin
641,20141,horton.c,OKTA,GROUP_ADDITION,2026-01-13T14:41:00,125.119.54.82,CRM:Records,
642,20009,davis.g,OKTA,LOGIN,2025-12-25T09:46:00,193.31.164.103,CRM:Records,
643,20106,marcmoo,OKTA,LOGIN,2026-05-12T15:31:00,107.18.236.42,S3:customer-data,
644,8,Gina Moore,AD,PRIVILEGE_CHANGE,2025-12-26T11:01:00,140.193.58.99,CRM:Records,User
645,220,Bailey Duran DDS,AD,PRIVILEGE_CHANGE,2026-02-20T22:47:00,167.182.208.197,AWS:IAM,Server Operator
646,20165,powell.m,OKTA,GROUP_ADDITION,2026-05-29T13:42:00,137.132.237.177,Okta:AdminConsole,
647,10250,gutierrez.k,AWS,LOGIN,2026-06-13T12:12:00,132.70.7.70,AD:GroupPolicy,
648,10155,brendahal,AWS,GROUP_ADDITION,2026-04-16T22:57:00,114.81.199.129,VPN:Gateway,
649,20129,fisher.c,OKTA,PASSWORD_RESET,2026-06-14T20:53:00,65.106.219.139,VPN:Gateway,
650,20199,avaughan,OKTA,PRIVILEGE_CHANGE,2026-03-25T00:16:00,164.251.133.116,Okta:AdminConsole,SuperAdmin
651,220,Bailey Duran DDS,AD,PRIVILEGE_CHANGE,2026-04-28T09:08:00,136.190.233.22,AWS:IAM,User
652,10008,gmoore,AWS,GROUP_ADDITION,2026-04-22T12:21:00,156.46.84.87,AD:GroupPolicy,
653,20175,nherring,OKTA,PASSWORD_RESET,2026-05-02T13:53:00,146.209.128.152,S3:customer-data,
654,53,Crystal Robinson,AD,GROUP_ADDITION,2026-05-07T08:53:00,169.64.237.189,CRM:Records,
655,20190,jessicagro,OKTA,PASSWORD_RESET,2026-05-28T11:32:00,54.57.234.51,VPN:Gateway,
656,10106,moore.m,AWS,TOKEN_USED,2025-12-22T08:00:00,156.11.144.119,AWS:IAM,
657,10141,cheyenne_horton72,AWS,TOKEN_USED,2026-01-23T20:58:00,171.237.225.5,Okta:AdminConsole,
658,20192,karen.graham,OKTA,PASSWORD_RESET,2026-05-11T20:17:00,189.115.175.20,AWS:IAM,
659,20183,vaughn.a,OKTA,LOGIN,2026-05-26T12:39:00,150.148.84.20,AWS:IAM,
660,10214,salas.k,AWS,RESOURCE_ACCESS,2026-05-11T06:51:00,159.160.213.89,AD:GroupPolicy,
661,20128,jason_powell60,OKTA,RESOURCE_ACCESS,2026-05-12T23:16:00,127.211.205.236,Okta:AdminConsole,
662,10123,april_frost45,AWS,GROUP_ADDITION,2026-03-30T02:45:00,218.49.48.137,CRM:Records,
663,20072,whitney.peters,OKTA,GROUP_ADDITION,2026-06-04T03:10:00,161.152.129.38,Okta:AdminConsole,
664,10145,amber.wright,AWS,RESOURCE_ACCESS,2026-06-03T01:41:00,156.89.200.102,AWS:IAM,
665,20023,e.adams.1,OKTA,PRIVILEGE_CHANGE,2025-12-23T19:58:00,30.33.114.179,AD:GroupPolicy,SuperAdmin
666,20158,jason_stein79,OKTA,RESOURCE_ACCESS,2026-02-04T02:38:00,222.135.90.158,AWS:IAM,
667,20097,awise,OKTA,PASSWORD_RESET,2026-05-17T16:30:00,97.139.57.125,S3:customer-data,
668,116,Diana May,AD,LOGIN,2026-06-13T02:15:00,178.148.251.252,AWS:IAM,
669,20249,travis.j,OKTA,GROUP_ADDITION,2026-02-23T20:35:00,112.81.175.120,AD:GroupPolicy,
670,20114,crystal.johnson,OKTA,RESOURCE_ACCESS,2026-05-18T01:15:00,187.154.54.183,VPN:Gateway,
671,20017,h.wood.7,OKTA,LOGIN,2026-05-06T07:20:00,79.224.15.217,AD:GroupPolicy,
672,10100,mckee.s,AWS,PRIVILEGE_CHANGE,2026-03-21T08:11:00,112.195.104.79,S3:customer-data,ReadOnlyAccess
673,10225,matthew_moore48,AWS,GROUP_ADDITION,2026-01-02T05:22:00,152.60.73.190,S3:customer-data,
674,10028,ross.s,AWS,PRIVILEGE_CHANGE,2026-03-28T09:52:00,126.211.88.54,VPN:Gateway,IAMFullAccess
675,20078,megan.young,OKTA,LOGIN,2026-05-25T04:04:00,130.105.67.248,CRM:Records,
676,20187,jpeterson,OKTA,GROUP_ADDITION,2026-01-19T14:01:00,190.137.191.151,AWS:IAM,
677,10077,angelalop,AWS,GROUP_ADDITION,2026-01-07T16:24:00,198.102.16.127,Okta:AdminConsole,
678,106,Marc Moore,AD,PRIVILEGE_CHANGE,2026-06-16T16:46:00,48.184.228.217,S3:customer-data,Account Operator
679,62,Gerald Hensley,AD,TOKEN_USED,2025-12-30T08:31:00,97.196.217.141,S3:customer-data,
680,10192,k.graham.4,AWS,PRIVILEGE_CHANGE,2026-06-07T23:17:00,104.101.236.61,VPN:Gateway,S3ReadOnly
681,10232,serrano.s,AWS,TOKEN_USED,2026-01-20T03:47:00,119.3.19.122,CRM:Records,
682,10151,david.wright,AWS,PRIVILEGE_CHANGE,2026-03-29T15:08:00,99.180.8.156,S3:customer-data,S3FullAccess
683,62,Gerald Hensley,AD,RESOURCE_ACCESS,2026-01-07T11:39:00,109.83.44.59,CRM:Records,
684,20137,r.potter.9,OKTA,RESOURCE_ACCESS,2026-06-06T09:35:00,188.251.108.122,CRM:Records,
685,10242,mmoon,AWS,PASSWORD_RESET,2026-03-15T08:19:00,212.130.94.35,CRM:Records,
686,20003,henderson.a,OKTA,LOGIN,2026-01-25T00:46:00,174.111.145.130,VPN:Gateway,
687,10065,jessicacal,AWS,GROUP_ADDITION,2026-05-22T23:47:00,210.238.173.197,CRM:Records,
688,20078,megan.young,OKTA,TOKEN_USED,2026-06-05T04:43:00,21.222.145.31,Okta:AdminConsole,
689,10219,justin_torres16,AWS,RESOURCE_ACCESS,2026-04-10T17:55:00,159.172.222.143,S3:customer-data,
690,20177,elliott.m,OKTA,TOKEN_USED,2026-03-24T15:29:00,24.138.227.230,Okta:AdminConsole,
691,68,Carol Tucker,AD,RESOURCE_ACCESS,2026-06-11T00:51:00,189.196.48.152,Okta:AdminConsole,
692,10219,justin_torres16,AWS,TOKEN_USED,2026-05-10T09:18:00,97.246.21.60,S3:customer-data,
693,177,Michael Elliott,AD,PRIVILEGE_CHANGE,2026-02-26T20:49:00,112.61.140.135,CRM:Records,Enterprise Admin
694,10167,alyssalon,AWS,PRIVILEGE_CHANGE,2026-01-08T08:35:00,165.43.115.224,S3:customer-data,EC2FullAccess
695,10156,m.brown.2,AWS,TOKEN_USED,2026-04-04T03:25:00,186.217.36.68,S3:customer-data,
696,10188,sgarcia,AWS,LOGIN,2026-02-05T23:42:00,217.54.164.39,S3:customer-data,
697,10225,matthew_moore48,AWS,PRIVILEGE_CHANGE,2026-05-14T06:46:00,207.220.15.228,CRM:Records,ReadOnlyAccess
698,49,Joshua Blair,AD,RESOURCE_ACCESS,2026-05-07T15:00:00,121.5.31.184,S3:customer-data,
699,155,Brenda Hall,AD,TOKEN_USED,2026-02-26T06:41:00,50.67.59.184,AD:GroupPolicy,
700,20188,samantha_garcia73,OKTA,LOGIN,2026-03-27T10:26:00,59.178.100.94,Okta:AdminConsole,
701,10046,cannon.p,AWS,GROUP_ADDITION,2026-05-09T01:28:00,179.62.85.234,S3:customer-data,
702,10143,patriciarod,AWS,TOKEN_USED,2026-05-21T01:16:00,54.66.160.170,AD:GroupPolicy,
703,10130,orr.m,AWS,GROUP_ADDITION,2026-04-18T06:12:00,58.68.195.192,CRM:Records,
704,20193,dchristian,OKTA,GROUP_ADDITION,2026-05-11T17:48:00,97.220.149.109,AWS:IAM,
705,10022,perez.p,AWS,LOGIN,2026-05-24T06:26:00,24.217.194.15,VPN:Gateway,
706,208,Cathy Robinson,AD,GROUP_ADDITION,2026-01-14T21:53:00,34.183.173.63,AD:GroupPolicy,
707,20094,christinawal,OKTA,RESOURCE_ACCESS,2025-12-25T21:08:00,193.51.129.118,AWS:IAM,
708,10211,christopher.smith,AWS,TOKEN_USED,2026-03-02T13:46:00,84.103.217.68,VPN:Gateway,
709,10073,brittney.phillips,AWS,TOKEN_USED,2026-04-28T11:26:00,204.115.194.43,AWS:IAM,
710,246,Donna Landry,AD,TOKEN_USED,2026-03-09T15:26:00,211.22.66.222,AWS:IAM,
711,10179,lawrenceadk,AWS,PASSWORD_RESET,2026-04-29T22:13:00,148.16.165.124,Okta:AdminConsole,
712,3,Angie Henderson,AD,TOKEN_USED,2026-04-04T18:10:00,138.52.6.83,CRM:Records,
713,10214,salas.k,AWS,RESOURCE_ACCESS,2026-05-17T22:37:00,166.147.79.230,AWS:IAM,
714,184,Ashley Barton,AD,PASSWORD_RESET,2026-01-19T21:09:00,133.82.90.38,AD:GroupPolicy,
715,208,Cathy Robinson,AD,TOKEN_USED,2026-04-03T20:39:00,77.33.61.121,VPN:Gateway,
716,20178,michaelwan,OKTA,GROUP_ADDITION,2026-02-21T18:17:00,35.12.184.115,Okta:AdminConsole,
717,10049,joshua.blair,AWS,LOGIN,2026-02-04T11:24:00,78.207.168.216,Okta:AdminConsole,
718,226,Benjamin Smith,AD,PASSWORD_RESET,2026-06-13T07:07:00,119.85.182.160,S3:customer-data,
719,20167,a.long.4,OKTA,RESOURCE_ACCESS,2026-01-20T08:11:00,147.223.27.13,Okta:AdminConsole,
720,20080,lisa_barnes41,OKTA,GROUP_ADDITION,2026-01-05T05:15:00,74.191.164.190,AD:GroupPolicy,
721,20002,noah_rhodes71,OKTA,PRIVILEGE_CHANGE,2026-05-07T18:08:00,100.149.236.30,VPN:Gateway,ApplicationAdmin
722,20042,fred.smith,OKTA,GROUP_ADDITION,2026-05-23T08:23:00,68.81.145.186,CRM:Records,
723,20180,robert.oconnell,OKTA,PASSWORD_RESET,2026-03-16T16:42:00,209.59.240.145,AWS:IAM,
724,10215,julieale,AWS,TOKEN_USED,2026-03-12T16:35:00,150.181.93.193,VPN:Gateway,
725,135,Rebecca Jackson,AD,TOKEN_USED,2026-04-03T03:55:00,217.41.42.86,Okta:AdminConsole,
726,10085,zachary.ferrell,AWS,LOGIN,2026-03-27T08:23:00,172.211.171.18,AD:GroupPolicy,
727,11,Monica Herrera,AD,TOKEN_USED,2026-03-26T07:27:00,135.185.173.125,S3:customer-data,
728,206,David Martinez,AD,PASSWORD_RESET,2026-02-17T07:40:00,160.84.24.134,VPN:Gateway,
729,95,John Whitehead,AD,TOKEN_USED,2026-01-09T14:58:00,25.83.20.38,VPN:Gateway,
730,109,Evelyn Galvan,AD,TOKEN_USED,2026-03-29T05:24:00,96.66.118.158,Okta:AdminConsole,
731,20055,sjones,OKTA,RESOURCE_ACCESS,2026-04-29T07:03:00,29.34.43.37,AD:GroupPolicy,
732,46,Philip Cannon,AD,RESOURCE_ACCESS,2026-03-06T22:09:00,68.236.184.66,AWS:IAM,
733,201,Melissa Brewer,AD,PRIVILEGE_CHANGE,2026-02-05T19:32:00,170.21.248.225,CRM:Records,Backup Operator
734,10078,m.young.8,AWS,RESOURCE_ACCESS,2026-04-28T15:55:00,182.100.203.251,VPN:Gateway,
735,20208,cathyrob,OKTA,TOKEN_USED,2026-06-13T06:12:00,62.101.177.216,S3:customer-data,
736,10139,david.alvarez,AWS,TOKEN_USED,2026-03-10T02:14:00,38.136.170.98,Okta:AdminConsole,
737,20092,brian_rodriguez23,OKTA,PASSWORD_RESET,2026-04-23T22:33:00,73.103.186.43,AD:GroupPolicy,
738,179,Lawrence Adkins,AD,GROUP_ADDITION,2026-01-29T22:26:00,49.202.89.238,Okta:AdminConsole,
739,169,Joel Williams,AD,GROUP_ADDITION,2026-04-24T16:39:00,28.134.217.28,AWS:IAM,
740,20185,l.martinez.8,OKTA,PRIVILEGE_CHANGE,2025-12-27T05:02:00,56.152.149.152,Okta:AdminConsole,InternalToolsAdmin
741,10099,jessica_smith12,AWS,TOKEN_USED,2026-05-24T18:08:00,59.204.143.66,VPN:Gateway,
742,219,Justin Torres,AD,LOGIN,2026-03-25T02:25:00,124.101.9.89,Okta:AdminConsole,
743,162,Jennifer Adkins,AD,PRIVILEGE_CHANGE,2025-12-28T05:00:00,154.20.96.145,CRM:Records,Domain Admin
744,28,Stephanie Ross,AD,LOGIN,2026-06-13T13:40:00,219.11.30.17,AWS:IAM,
745,20217,rmorales,OKTA,RESOURCE_ACCESS,2026-02-28T21:59:00,205.102.54.22,S3:customer-data,
746,20084,paul.jones,OKTA,RESOURCE_ACCESS,2026-02-12T06:51:00,147.99.23.104,S3:customer-data,
747,82,Mike Allen,AD,RESOURCE_ACCESS,2026-01-14T17:06:00,147.44.230.174,AD:GroupPolicy,
748,10205,erin.warner,AWS,PASSWORD_RESET,2026-04-18T04:39:00,138.83.184.208,VPN:Gateway,
749,10120,j.chandler.2,AWS,TOKEN_USED,2025-12-22T20:59:00,204.138.253.198,AWS:IAM,
750,20145,awright,OKTA,LOGIN,2026-06-06T12:15:00,53.23.157.47,CRM:Records,
