user_id,name,email,status,role
1,Allison Hill,allison.hill1@company.com,ACTIVE,User
2,Noah Rhodes,noah.rhodes2@company.com,ACTIVE,User
3,Angie Henderson,angie.henderson3@company.com,ACTIVE,Server Operator
4,Daniel Wagner,daniel.wagner4@company.com,DISABLED,Account Operator
5,Cristian Santos,cristian.santos5@company.com,ACTIVE,Domain Admin
6,Connie Lawrence,connie.lawrence6@company.com,ACTIVE,User
7,Abigail Shaffer,abigail.shaffer7@company.com,ACTIVE,Server Operator
8,Gina Moore,gina.moore8@company.com,DISABLED,User
9,Gabrielle Davis,gabrielle.davis9@company.com,ACTIVE,User
10,Ryan Munoz,ryan.munoz10@company.com,DISABLED,Server Operator
11,Monica Herrera,monica.herrera11@company.com,ACTIVE,Enterprise Admin
12,Jamie Arnold,jamie.arnold12@company.com,ACTIVE,User
13,Lisa Hensley,lisa.hensley13@company.com,ACTIVE,Domain Admin
14,Michele Williams,michele.williams14@company.com,DISABLED,User
15,Dylan Miller,dylan.miller15@company.com,ACTIVE,Backup Operator
16,Brian Ramirez,brian.ramirez16@company.com,DISABLED,User
17,Holly Wood,holly.wood17@company.com,ACTIVE,Server Operator
18,Derek Zuniga,derek.zuniga18@company.com,DISABLED,User
19,Lisa Jackson,lisa.jackson19@company.com,ACTIVE,User
20,Carla Gray,carla.gray20@company.com,ACTIVE,User
21,Margaret Hawkins DDS,margaret.dds21@company.com,ACTIVE,User
22,Patty Perez,patty.perez22@company.com,DISABLED,User
23,Ethan Adams,ethan.adams23@company.com,DISABLED,User
24,Tommy Walter,tommy.walter24@company.com,ACTIVE,User
25,Matthew Foster,matthew.foster25@company.com,ACTIVE,User
26,Judy Baker,judy.baker26@company.com,ACTIVE,User
27,Justin Baker,justin.baker27@company.com,ACTIVE,User
28,Stephanie Ross,stephanie.ross28@company.com,DISABLED,Domain Admin
29,Zachary Hicks,zachary.hicks29@company.com,ACTIVE,Server Operator
30,Anthony Rodriguez,anthony.rodriguez30@company.com,DISABLED,User
31,Rebecca Henderson,rebecca.henderson31@company.com,ACTIVE,Server Operator
32,James Ferrell,james.ferrell32@company.com,ACTIVE,User
33,Tricia Valencia,tricia.valencia33@company.com,ACTIVE,User
34,Nathan Maldonado,nathan.maldonado34@company.com,DISABLED,Server Operator
35,Debra Davidson,debra.davidson35@company.com,ACTIVE,User
36,Jeffrey Chavez,jeffrey.chavez36@company.com,ACTIVE,User
37,Sherri Baker,sherri.baker37@company.com,ACTIVE,User
38,Cassandra Gaines,cassandra.gaines38@company.com,ACTIVE,User
39,Elizabeth Fowler,elizabeth.fowler39@company.com,ACTIVE,User
40,Brittany Farmer,brittany.farmer40@company.com,ACTIVE,User
41,Paula Moreno,paula.moreno41@company.com,DISABLED,User
42,Fred Smith,fred.smith42@company.com,ACTIVE,User
43,Sherry Decker,sherry.decker43@company.com,ACTIVE,Domain Admin
44,Anthony Humphrey,anthony.humphrey44@company.com,ACTIVE,User
45,Angelica Tucker,angelica.tucker45@company.com,DISABLED,User
46,Philip Cannon,philip.cannon46@company.com,DISABLED,User
47,John Pierce,john.pierce47@company.com,ACTIVE,Account Operator
48,Shane Henderson,shane.henderson48@company.com,ACTIVE,User
49,Joshua Blair,joshua.blair49@company.com,ACTIVE,Backup Operator
50,Eric Carney,eric.carney50@company.com,ACTIVE,User
51,Jessica Holmes,jessica.holmes51@company.com,DISABLED,User
52,Danny Morgan,danny.morgan52@company.com,DISABLED,Server Operator
53,Crystal Robinson,crystal.robinson53@company.com,ACTIVE,User
54,Mark Perez,mark.perez54@company.com,DISABLED,User
55,Shannon Jones,shannon.jones55@company.com,ACTIVE,Server Operator
56,Michael Lewis,michael.lewis56@company.com,ACTIVE,User
57,Timothy Duncan,timothy.duncan57@company.com,ACTIVE,User
58,Richard Aguirre,richard.aguirre58@company.com,ACTIVE,User
59,Brent Jordan,brent.jordan59@company.com,ACTIVE,User
60,John Daniel,john.daniel60@company.com,DISABLED,User
61,Victoria Garcia,victoria.garcia61@company.com,DISABLED,User
62,Gerald Hensley,gerald.hensley62@company.com,DISABLED,User
63,Connor West,connor.west63@company.com,ACTIVE,User
64,Donald Wright,donald.wright64@company.com,ACTIVE,User
65,Jessica Callahan,jessica.callahan65@company.com,ACTIVE,Server Operator
66,Amber Kidd,amber.kidd66@company.com,DISABLED,Account Operator
67,Tracy House,tracy.house67@company.com,ACTIVE,Enterprise Admin
68,Carol Tucker,carol.tucker68@company.com,ACTIVE,Server Operator
69,James Brown,james.brown69@company.com,DISABLED,Backup Operator
70,William Baker,william.baker70@company.com,ACTIVE,User
71,Jordan Henderson,jordan.henderson71@company.com,ACTIVE,User
72,Whitney Peters,whitney.peters72@company.com,ACTIVE,User
73,Brittney Phillips,brittney.phillips73@company.com,DISABLED,User
74,Lauren Daniels,lauren.daniels74@company.com,ACTIVE,Backup Operator
75,Amy Silva,amy.silva75@company.com,DISABLED,Backup Operator
76,Sarah Moore,sarah.moore76@company.com,ACTIVE,Backup Operator
77,Angela Lopez,angela.lopez77@company.com,ACTIVE,User
78,Megan Young,megan.young78@company.com,ACTIVE,Server Operator
79,Steve Sanchez,steve.sanchez79@company.com,ACTIVE,Enterprise Admin
80,Lisa Barnes,lisa.barnes80@company.com,ACTIVE,Domain Admin
81,Kelly Donovan,kelly.donovan81@company.com,ACTIVE,User
82,Mike Allen,mike.allen82@company.com,ACTIVE,Enterprise Admin
83,Michael Evans,michael.evans83@company.com,ACTIVE,Backup Operator
84,Paul Jones,paul.jones84@company.com,ACTIVE,Account Operator
85,Zachary Ferrell,zachary.ferrell85@company.com,ACTIVE,User
86,Daniel Baker,daniel.baker86@company.com,DISABLED,User
87,Shirley Suarez,shirley.suarez87@company.com,ACTIVE,User
88,Christopher Bass,christopher.bass88@company.com,ACTIVE,User
89,Lisa Archer,lisa.archer89@company.com,ACTIVE,User
90,Aimee Montoya,aimee.montoya90@company.com,DISABLED,User
91,Matthew Mcmillan,matthew.mcmillan91@company.com,ACTIVE,User
92,Brian Rodriguez,brian.rodriguez92@company.com,ACTIVE,User
93,Denise Jacobs,denise.jacobs93@company.com,ACTIVE,User
94,Christina Walters,christina.walters94@company.com,ACTIVE,User
95,John Whitehead,john.whitehead95@company.com,ACTIVE,User
96,Anna Henderson,anna.henderson96@company.com,DISABLED,Enterprise Admin
97,Aaron Wise,aaron.wise97@company.com,ACTIVE,User
98,Deborah Figueroa,deborah.figueroa98@company.com,ACTIVE,Account Operator
99,Jessica Smith,jessica.smith99@company.com,DISABLED,User
100,Stephen Mckee,stephen.mckee100@company.com,ACTIVE,Enterprise Admin
101,Sandra Aguilar,sandra.aguilar101@company.com,ACTIVE,User
102,Cameron Parker,cameron.parker102@company.com,ACTIVE,Server Operator
103,Rebecca Valencia,rebecca.valencia103@company.com,ACTIVE,User
104,Christine Wright,christine.wright104@company.com,DISABLED,Server Operator
105,Richard Henson,richard.henson105@company.com,ACTIVE,Enterprise Admin
106,Marc Moore,marc.moore106@company.com,DISABLED,User
107,Sharon Cherry,sharon.cherry107@company.com,ACTIVE,Account Operator
108,Sierra Johnson,sierra.johnson108@company.com,ACTIVE,User
109,Evelyn Galvan,evelyn.galvan109@company.com,ACTIVE,User
110,Sharon Cochran,sharon.cochran110@company.com,ACTIVE,User
111,Richard Rodriguez,richard.rodriguez111@company.com,ACTIVE,User
112,Shannon Walker,shannon.walker112@company.com,ACTIVE,Enterprise Admin
113,Julia Torres,julia.torres113@company.com,DISABLED,User
114,Crystal Johnson,crystal.johnson114@company.com,DISABLED,User
115,Garrett Lin,garrett.lin115@company.com,ACTIVE,User
116,Diana May,diana.may116@company.com,DISABLED,User
117,William Herrera,william.herrera117@company.com,ACTIVE,Server Operator
118,Ashley Waller,ashley.waller118@company.com,DISABLED,User
119,Victor Baker,victor.baker119@company.com,ACTIVE,User
120,Jeffrey Chandler,jeffrey.chandler120@company.com,ACTIVE,User
121,Larry Dixon,larry.dixon121@company.com,ACTIVE,Domain Admin
122,Kenneth Scott,kenneth.scott122@company.com,DISABLED,User
123,April Frost,april.frost123@company.com,ACTIVE,User
124,Michelle Harmon,michelle.harmon124@company.com,DISABLED,User
125,Helen Jones,helen.jones125@company.com,DISABLED,Enterprise Admin
126,Erin Edwards,erin.edwards126@company.com,ACTIVE,User
127,Michelle Evans,michelle.evans127@company.com,DISABLED,User
128,Jason Powell,jason.powell128@company.com,ACTIVE,Backup Operator
129,Cameron Fisher,cameron.fisher129@company.com,ACTIVE,User
130,Megan Orr,megan.orr130@company.com,ACTIVE,User
131,Elizabeth Kelley,elizabeth.kelley131@company.com,ACTIVE,Enterprise Admin
132,Dustin Jordan,dustin.jordan132@company.com,ACTIVE,Backup Operator
133,Mary Marshall,mary.marshall133@company.com,ACTIVE,User
134,Daniel Kennedy,daniel.kennedy134@company.com,ACTIVE,Enterprise Admin
135,Rebecca Jackson,rebecca.jackson135@company.com,ACTIVE,User
136,Jose Schultz,jose.schultz136@company.com,ACTIVE,User
137,Robert Potter,robert.potter137@company.com,ACTIVE,User
138,Courtney Gonzalez,courtney.gonzalez138@company.com,ACTIVE,User
139,David Alvarez,david.alvarez139@company.com,ACTIVE,Account Operator
140,Angel Perry,angel.perry140@company.com,DISABLED,Server Operator
141,Cheyenne Horton,cheyenne.horton141@company.com,ACTIVE,Server Operator
142,David Douglas Jr.,david.jr.142@company.com,ACTIVE,User
143,Patricia Rodriguez,patricia.rodriguez143@company.com,ACTIVE,Backup Operator
144,Christopher Rubio,christopher.rubio144@company.com,ACTIVE,User
145,Amber Wright,amber.wright145@company.com,ACTIVE,User
146,Joyce Solis,joyce.solis146@company.com,DISABLED,Server Operator
147,Victoria Larson,victoria.larson147@company.com,ACTIVE,Account Operator
148,Stephanie Salazar,stephanie.salazar148@company.com,ACTIVE,User
149,Kathy Rivas,kathy.rivas149@company.com,ACTIVE,User
150,Stephanie Manning,stephanie.manning150@company.com,ACTIVE,Enterprise Admin
151,David Wright,david.wright151@company.com,ACTIVE,User
152,Pamela Boyd,pamela.boyd152@company.com,ACTIVE,User
153,Denise Jones,denise.jones153@company.com,ACTIVE,User
154,Devon Flores,devon.flores154@company.com,ACTIVE,Enterprise Admin
155,Brenda Hall,brenda.hall155@company.com,ACTIVE,Server Operator
156,Michelle Brown,michelle.brown156@company.com,ACTIVE,Account Operator
157,Joshua Perry,joshua.perry157@company.com,ACTIVE,Backup Operator
158,Jason Stein,jason.stein158@company.com,ACTIVE,User
159,Melissa Gates,melissa.gates159@company.com,ACTIVE,User
160,Jamie Smith,jamie.smith160@company.com,ACTIVE,Account Operator
161,Paul Castaneda,paul.castaneda161@company.com,ACTIVE,Server Operator
162,Jennifer Adkins,jennifer.adkins162@company.com,ACTIVE,User
163,Lindsey Walker,lindsey.walker163@company.com,ACTIVE,User
164,Jeffrey Johnson,jeffrey.johnson164@company.com,ACTIVE,User
165,Michael Powell,michael.powell165@company.com,ACTIVE,Enterprise Admin
166,John Anderson,john.anderson166@company.com,ACTIVE,Account Operator
167,Alyssa Long,alyssa.long167@company.com,ACTIVE,User
168,Alyssa Day,alyssa.day168@company.com,DISABLED,User
169,Joel Williams,joel.williams169@company.com,ACTIVE,Account Operator
170,Daniel Murphy,daniel.murphy170@company.com,ACTIVE,User
171,Jamie Walton,jamie.walton171@company.com,ACTIVE,User
172,Darlene Miller,darlene.miller172@company.com,ACTIVE,User
173,Joshua Cooke,joshua.cooke173@company.com,DISABLED,Backup Operator
174,Matthew Harrington,matthew.harrington174@company.com,ACTIVE,Backup Operator
175,Nicole Herring,nicole.herring175@company.com,DISABLED,Account Operator
176,Alex Hernandez,alex.hernandez176@company.com,ACTIVE,User
177,Michael Elliott,michael.elliott177@company.com,DISABLED,User
178,Michael Wang,michael.wang178@company.com,DISABLED,User
179,Lawrence Adkins,lawrence.adkins179@company.com,ACTIVE,User
180,Robert Oconnell,robert.oconnell180@company.com,ACTIVE,User
181,Alexander Collins,alexander.collins181@company.com,DISABLED,User
182,Tina Sanders,tina.sanders182@company.com,ACTIVE,User
183,Angela Vaughn,angela.vaughn183@company.com,ACTIVE,User
184,Ashley Barton,ashley.barton184@company.com,ACTIVE,User
185,Lindsay Martinez,lindsay.martinez185@company.com,DISABLED,User
186,Dr. Hannah Patterson,dr..patterson186@company.com,DISABLED,Backup Operator
187,Jonathan Peterson,jonathan.peterson187@company.com,ACTIVE,User
188,Samantha Garcia,samantha.garcia188@company.com,ACTIVE,Account Operator
189,Madison Poole,madison.poole189@company.com,DISABLED,User
190,Jessica Gross,jessica.gross190@company.com,ACTIVE,User
191,Debra Morton,debra.morton191@company.com,ACTIVE,User
192,Karen Graham,karen.graham192@company.com,ACTIVE,Server Operator
193,Debra Christian,debra.christian193@company.com,ACTIVE,User
194,Angelica Keith,angelica.keith194@company.com,ACTIVE,User
195,John Bishop,john.bishop195@company.com,ACTIVE,User
196,Allen Rosales,allen.rosales196@company.com,ACTIVE,User
197,Daniel Salinas,daniel.salinas197@company.com,ACTIVE,Enterprise Admin
198,Spencer Haynes,spencer.haynes198@company.com,DISABLED,User
199,Adam Vaughan,adam.vaughan199@company.com,ACTIVE,User
200,Nathan Freeman,nathan.freeman200@company.com,ACTIVE,Domain Admin
201,Melissa Brewer,melissa.brewer201@company.com,DISABLED,Backup Operator
202,Ricky Davis II,ricky.ii202@company.com,ACTIVE,User
203,Elizabeth Perkins,elizabeth.perkins203@company.com,ACTIVE,Server Operator
204,Joseph Coleman,joseph.coleman204@company.com,ACTIVE,User
205,Erin Warner,erin.warner205@company.com,ACTIVE,User
206,David Martinez,david.martinez206@company.com,DISABLED,Server Operator
207,Bryan Herrera,bryan.herrera207@company.com,ACTIVE,User
208,Cathy Robinson,cathy.robinson208@company.com,DISABLED,Server Operator
209,Dr. William Warren,dr..warren209@company.com,ACTIVE,User
210,Brian Lee,brian.lee210@company.com,DISABLED,User
211,Christopher Smith,christopher.smith211@company.com,ACTIVE,User
212,Denise Mccann,denise.mccann212@company.com,ACTIVE,User
213,Melissa Martinez,melissa.martinez213@company.com,DISABLED,User
214,Katherine Salas,katherine.salas214@company.com,DISABLED,User
215,Julie Alexander,julie.alexander215@company.com,ACTIVE,Server Operator
216,Anthony Everett,anthony.everett216@company.com,ACTIVE,User
217,Rodney Morales,rodney.morales217@company.com,DISABLED,User
218,Mark Brown,mark.brown218@company.com,ACTIVE,User
219,Justin Torres,justin.torres219@company.com,ACTIVE,User
220,Bailey Duran DDS,bailey.dds220@company.com,ACTIVE,User
221,Courtney Mills,courtney.mills221@company.com,ACTIVE,User
222,Jeremy Dalton,jeremy.dalton222@company.com,ACTIVE,User
223,Elizabeth Oliver DDS,elizabeth.dds223@company.com,DISABLED,User
224,Theresa Clark,theresa.clark224@company.com,DISABLED,Enterprise Admin
225,Matthew Moore,matthew.moore225@company.com,ACTIVE,User
226,Benjamin Smith,benjamin.smith226@company.com,ACTIVE,User
227,Kirk Carter,kirk.carter227@company.com,ACTIVE,User
228,Michael Warner,michael.warner228@company.com,ACTIVE,User
229,Michael Bradshaw,michael.bradshaw229@company.com,ACTIVE,Backup Operator
230,Lori Guerrero,lori.guerrero230@company.com,ACTIVE,User
231,Jessica Stephens,jessica.stephens231@company.com,ACTIVE,User
232,Susan Serrano,susan.serrano232@company.com,ACTIVE,User
233,Christopher Parker,christopher.parker233@company.com,ACTIVE,User
234,Laura Roberts,laura.roberts234@company.com,DISABLED,Account Operator
235,Michael Lyons,michael.lyons235@company.com,ACTIVE,Enterprise Admin
236,Kathryn Snyder,kathryn.snyder236@company.com,ACTIVE,User
237,Andrew Reynolds,andrew.reynolds237@company.com,ACTIVE,User
238,David Davis,david.davis238@company.com,ACTIVE,User
239,Sara Johnston,sara.johnston239@company.com,ACTIVE,Server Operator
240,Yvonne Chambers,yvonne.chambers240@company.com,ACTIVE,User
241,Andrew Avila,andrew.avila241@company.com,ACTIVE,User
242,Matthew Moon,matthew.moon242@company.com,ACTIVE,Server Operator
243,Kevin Walters,kevin.walters243@company.com,ACTIVE,User
244,Brandon Bailey MD,brandon.md244@company.com,DISABLED,User
245,Shannon Rivera,shannon.rivera245@company.com,ACTIVE,User
246,Donna Landry,donna.landry246@company.com,ACTIVE,User
247,Krista Gibson,krista.gibson247@company.com,ACTIVE,Backup Operator
248,Frank Cordova,frank.cordova248@company.com,DISABLED,User
249,Jose Travis,jose.travis249@company.com,ACTIVE,Enterprise Admin
250,Kimberly Gutierrez,kimberly.gutierrez250@company.com,ACTIVE,User
